task_id,department,planner_type,task_name,equipment_or_item_id,activity_type,frequency,due_type,due_date,report_due_date,last_done_date,action_done_date,action_status,report_done_date,report_status,responsible_email,report_link,rescheduled_from,reschedule_reason,remarks,source_file
SOP-UTL-033-20260908,Engineering,SOP Review,Review SOP-UTL-033 - Water Softener Plant,SOP-UTL-033,sop_review,two-yearly,specific_date,2026-09-08,2026-09-18,2024-09-09,,pending,,pending,engineering@enicarpharma.com,,,,SOP INDEX sheet ENGINEERING; issued 2024-09-09,QA_SOP/SOP INDEX.xlsx
SOP-UTL-037-20260916,Engineering,SOP Review,Review SOP-UTL-037 - FDV Challenge Test,SOP-UTL-037,sop_review,two-yearly,specific_date,2026-09-16,2026-09-26,2024-09-17,,pending,,pending,engineering@enicarpharma.com,,,,SOP INDEX sheet ENGINEERING; issued 2024-09-17,QA_SOP/SOP INDEX.xlsx
SOP-UTL-029-20261119,Engineering,SOP Review,Review SOP-UTL-029 - Diesel Generator (30 KVA),SOP-UTL-029,sop_review,two-yearly,specific_date,2026-11-19,2026-11-29,2024-11-20,,pending,,pending,engineering@enicarpharma.com,,,,SOP INDEX sheet ENGINEERING; issued 2024-11-20,QA_SOP/SOP INDEX.xlsx
SOP-UTL-003-20270107,Engineering,SOP Review,Review SOP-UTL-003 - Air Compressor,SOP-UTL-003,sop_review,two-yearly,specific_date,2027-01-07,2027-01-17,2025-01-08,,pending,,pending,engineering@enicarpharma.com,,,,SOP INDEX sheet ENGINEERING; issued 2025-01-08,QA_SOP/SOP INDEX.xlsx
SOP-UTL-011-20270312,Engineering,SOP Review,Review SOP-UTL-011 - Preventive Maintenance of Bottle Washing Machine,SOP-UTL-011,sop_review,two-yearly,specific_date,2027-03-12,2027-03-22,2025-03-13,,pending,,pending,engineering@enicarpharma.com,,,,SOP INDEX sheet ENGINEERING; issued 2025-03-13,QA_SOP/SOP INDEX.xlsx
SOP-UTL-019-20270316,Engineering,SOP Review,Review SOP-UTL-019 - Preventive Maintenance of Filling & Cap Sealing Machine,SOP-UTL-019,sop_review,two-yearly,specific_date,2027-03-16,2027-03-26,2025-03-17,,pending,,pending,engineering@enicarpharma.com,,,,SOP INDEX sheet ENGINEERING; issued 2025-03-17,QA_SOP/SOP INDEX.xlsx
SOP-UTL-021-20270316,Engineering,SOP Review,Review SOP-UTL-021 - Preventive Maintenance of PW Water Skid & Re-circulation system,SOP-UTL-021,sop_review,two-yearly,specific_date,2027-03-16,2027-03-26,2025-03-17,,pending,,pending,engineering@enicarpharma.com,,,,SOP INDEX sheet ENGINEERING; issued 2025-03-17,QA_SOP/SOP INDEX.xlsx
SOP-UTL-026-20270316,Engineering,SOP Review,Review SOP-UTL-026 - Preventive Maintenance of R.O. and R.D.I. Plant,SOP-UTL-026,sop_review,two-yearly,specific_date,2027-03-16,2027-03-26,2025-03-17,,pending,,pending,engineering@enicarpharma.com,,,,SOP INDEX sheet ENGINEERING; issued 2025-03-17,QA_SOP/SOP INDEX.xlsx
SOP-UTL-035-20270317,Engineering,SOP Review,Review SOP-UTL-035 - Computer System Validation,SOP-UTL-035,sop_review,two-yearly,specific_date,2027-03-17,2027-03-27,2025-03-18,,pending,,pending,engineering@enicarpharma.com,,,,SOP INDEX sheet ENGINEERING; issued 2025-03-18,QA_SOP/SOP INDEX.xlsx
SOP-UTL-032-20270328,Engineering,SOP Review,Review SOP-UTL-032 - Diesel Generator (500 KVA),SOP-UTL-032,sop_review,two-yearly,specific_date,2027-03-28,2027-04-07,2025-03-29,,pending,,pending,engineering@enicarpharma.com,,,,SOP INDEX sheet ENGINEERING; issued 2025-03-29,QA_SOP/SOP INDEX.xlsx
SOP-UTL-038-20270515,Engineering,SOP Review,Review SOP-UTL-038 - Clock Synchronise,SOP-UTL-038,sop_review,two-yearly,specific_date,2027-05-15,2027-05-25,2025-05-16,,pending,,pending,engineering@enicarpharma.com,,,,SOP INDEX sheet ENGINEERING; issued 2025-05-16,QA_SOP/SOP INDEX.xlsx
SOP-UTL-039-20270515,Engineering,SOP Review,Review SOP-UTL-039 - Forklift Machine,SOP-UTL-039,sop_review,two-yearly,specific_date,2027-05-15,2027-05-25,2025-05-16,,pending,,pending,engineering@enicarpharma.com,,,,SOP INDEX sheet ENGINEERING; issued 2025-05-16,QA_SOP/SOP INDEX.xlsx
SOP-UTL-040-20270523,Engineering,SOP Review,"Review SOP-UTL-040 - SOP for Operation, Cleaning & Calibration of Weighing Balance.",SOP-UTL-040,sop_review,two-yearly,specific_date,2027-05-23,2027-06-02,2025-05-24,,pending,,pending,engineering@enicarpharma.com,,,,SOP INDEX sheet ENGINEERING; issued 2025-05-24,QA_SOP/SOP INDEX.xlsx
SOP-UTL-036-20270824,Engineering,SOP Review,Review SOP-UTL-036 - Desktop Policy,SOP-UTL-036,sop_review,two-yearly,specific_date,2027-08-24,2027-09-03,2025-08-25,,pending,,pending,engineering@enicarpharma.com,,,,SOP INDEX sheet ENGINEERING; issued 2025-08-25,QA_SOP/SOP INDEX.xlsx
SOP-UTl-001-20270926,Engineering,SOP Review,Review SOP-UTl-001 - Purified Water Generation & Distribution System,SOP-UTl-001,sop_review,two-yearly,specific_date,2027-09-26,2027-10-06,2025-09-27,,pending,,pending,engineering@enicarpharma.com,,,,SOP INDEX sheet ENGINEERING; issued 2025-09-27,QA_SOP/SOP INDEX.xlsx
SOP-UTL-041-20271008,Engineering,SOP Review,Review SOP-UTL-041 - Lux Meter,SOP-UTL-041,sop_review,two-yearly,specific_date,2027-10-08,2027-10-18,2025-10-09,,pending,,pending,engineering@enicarpharma.com,,,,SOP INDEX sheet ENGINEERING; issued 2025-10-09,QA_SOP/SOP INDEX.xlsx
SCP-UTL-004-20271014,Engineering,SOP Review,Review SCP-UTL-004 - Laminar Air Flow Booth Pre filters,SCP-UTL-004,sop_review,two-yearly,specific_date,2027-10-14,2027-10-24,2025-10-15,,pending,,pending,engineering@enicarpharma.com,,,,SOP INDEX sheet ENGINEERING; issued 2025-10-15,QA_SOP/SOP INDEX.xlsx
SCP-UTL-001-20271031,Engineering,SOP Review,Review SCP-UTL-001 - Air Handling Unit Pre Filter,SCP-UTL-001,sop_review,two-yearly,specific_date,2027-10-31,2027-11-10,2025-11-01,,pending,,pending,engineering@enicarpharma.com,,,,SOP INDEX sheet ENGINEERING; issued 2025-11-01,QA_SOP/SOP INDEX.xlsx
SOP-UTL-006-20271130,Engineering,SOP Review,Review SOP-UTL-006 - Preparation of Dosing Solution,SOP-UTL-006,sop_review,two-yearly,specific_date,2027-11-30,2027-12-10,2025-12-01,,pending,,pending,engineering@enicarpharma.com,,,,SOP INDEX sheet ENGINEERING; issued 2025-12-01,QA_SOP/SOP INDEX.xlsx
SOP-UTL-042-20271202,Engineering,SOP Review,Review SOP-UTL-042 - Maintenance of Gas Detection System,SOP-UTL-042,sop_review,two-yearly,specific_date,2027-12-02,2027-12-12,2025-12-03,,pending,,pending,engineering@enicarpharma.com,,,,SOP INDEX sheet ENGINEERING; issued 2025-12-03,QA_SOP/SOP INDEX.xlsx
SOP-UTL-034-20271205,Engineering,SOP Review,Review SOP-UTL-034 - Building Maintenance,SOP-UTL-034,sop_review,two-yearly,specific_date,2027-12-05,2027-12-15,2025-12-06,,pending,,pending,engineering@enicarpharma.com,,,,SOP INDEX sheet ENGINEERING; issued 2025-12-06,QA_SOP/SOP INDEX.xlsx
SOP-UTL-004-20280311,Engineering,SOP Review,Review SOP-UTL-004 - Boiler,SOP-UTL-004,sop_review,two-yearly,specific_date,2028-03-11,2028-03-21,2026-03-12,,pending,,pending,engineering@enicarpharma.com,,,,SOP INDEX sheet ENGINEERING; issued 2026-03-12,QA_SOP/SOP INDEX.xlsx
SOP-UTL-016-20280311,Engineering,SOP Review,Review SOP-UTL-016 - Preventive Maintenance of Air Conditioner Unit,SOP-UTL-016,sop_review,two-yearly,specific_date,2028-03-11,2028-03-21,2026-03-12,,pending,,pending,engineering@enicarpharma.com,,,,SOP INDEX sheet ENGINEERING; issued 2026-03-12,QA_SOP/SOP INDEX.xlsx
SOP-UTL-020-20280311,Engineering,SOP Review,Review SOP-UTL-020 - Preventive Maintenance of Hoist Lift and Passenger Lift,SOP-UTL-020,sop_review,two-yearly,specific_date,2028-03-11,2028-03-21,2026-03-12,,pending,,pending,engineering@enicarpharma.com,,,,SOP INDEX sheet ENGINEERING; issued 2026-03-12,QA_SOP/SOP INDEX.xlsx
SCP-UTL-002-20280313,Engineering,SOP Review,Review SCP-UTL-002 - Water Storage Tank,SCP-UTL-002,sop_review,two-yearly,specific_date,2028-03-13,2028-03-23,2026-03-14,,pending,,pending,engineering@enicarpharma.com,,,,SOP INDEX sheet ENGINEERING; issued 2026-03-14,QA_SOP/SOP INDEX.xlsx
SCP-UTL-003-20280313,Engineering,SOP Review,Review SCP-UTL-003 - Ventilation Pre Filters,SCP-UTL-003,sop_review,two-yearly,specific_date,2028-03-13,2028-03-23,2026-03-14,,pending,,pending,engineering@enicarpharma.com,,,,SOP INDEX sheet ENGINEERING; issued 2026-03-14,QA_SOP/SOP INDEX.xlsx
SCP-UTL-005-20280313,Engineering,SOP Review,Review SCP-UTL-005 - Effluent Treatment Plant (ETP),SCP-UTL-005,sop_review,two-yearly,specific_date,2028-03-13,2028-03-23,2026-03-14,,pending,,pending,engineering@enicarpharma.com,,,,SOP INDEX sheet ENGINEERING; issued 2026-03-14,QA_SOP/SOP INDEX.xlsx
SCP-UTL-006-20280313,Engineering,SOP Review,Review SCP-UTL-006 - Air Curtain,SCP-UTL-006,sop_review,two-yearly,specific_date,2028-03-13,2028-03-23,2026-03-14,,pending,,pending,engineering@enicarpharma.com,,,,SOP INDEX sheet ENGINEERING; issued 2026-03-14,QA_SOP/SOP INDEX.xlsx
SCP-UTL-009-20280315,Engineering,SOP Review,Review SCP-UTL-009 - Cartage Filters,SCP-UTL-009,sop_review,two-yearly,specific_date,2028-03-15,2028-03-25,2026-03-16,,pending,,pending,engineering@enicarpharma.com,,,,SOP INDEX sheet ENGINEERING; issued 2026-03-16,QA_SOP/SOP INDEX.xlsx
SOP-UTL-010-20280315,Engineering,SOP Review,Review SOP-UTL-010 - Preventive Maintenance of Store Equipment,SOP-UTL-010,sop_review,two-yearly,specific_date,2028-03-15,2028-03-25,2026-03-16,,pending,,pending,engineering@enicarpharma.com,,,,SOP INDEX sheet ENGINEERING; issued 2026-03-16,QA_SOP/SOP INDEX.xlsx
SOP-UTL-012-20280315,Engineering,SOP Review,Review SOP-UTL-012 - Preventive Maintenance of Quality Control Equipments,SOP-UTL-012,sop_review,two-yearly,specific_date,2028-03-15,2028-03-25,2026-03-16,,pending,,pending,engineering@enicarpharma.com,,,,SOP INDEX sheet ENGINEERING; issued 2026-03-16,QA_SOP/SOP INDEX.xlsx
SOP-UTL-013-20280317,Engineering,SOP Review,Review SOP-UTL-013 - Preventive Maintenance of Diesel Generator,SOP-UTL-013,sop_review,two-yearly,specific_date,2028-03-17,2028-03-27,2026-03-18,,pending,,pending,engineering@enicarpharma.com,,,,SOP INDEX sheet ENGINEERING; issued 2026-03-18,QA_SOP/SOP INDEX.xlsx
SOP-UTL-007-20280318,Engineering,SOP Review,Review SOP-UTL-007 - Effluent Treatment Plant,SOP-UTL-007,sop_review,two-yearly,specific_date,2028-03-18,2028-03-28,2026-03-19,,pending,,pending,engineering@enicarpharma.com,,,,SOP INDEX sheet ENGINEERING; issued 2026-03-19,QA_SOP/SOP INDEX.xlsx
SOP-UTL-015-20280318,Engineering,SOP Review,Review SOP-UTL-015 - Preventive Maintenance of Ventilation Unit,SOP-UTL-015,sop_review,two-yearly,specific_date,2028-03-18,2028-03-28,2026-03-19,,pending,,pending,engineering@enicarpharma.com,,,,SOP INDEX sheet ENGINEERING; issued 2026-03-19,QA_SOP/SOP INDEX.xlsx
SOP-UTL-017-20280318,Engineering,SOP Review,Review SOP-UTL-017 - Preventive Maintenance of Sachets Filling and Sealing Machine,SOP-UTL-017,sop_review,two-yearly,specific_date,2028-03-18,2028-03-28,2026-03-19,,pending,,pending,engineering@enicarpharma.com,,,,SOP INDEX sheet ENGINEERING; issued 2026-03-19,QA_SOP/SOP INDEX.xlsx
SOP-UTL-022-20280318,Engineering,SOP Review,Review SOP-UTL-022 - Preventive Maintenance of Insectocutor,SOP-UTL-022,sop_review,two-yearly,specific_date,2028-03-18,2028-03-28,2026-03-19,,pending,,pending,engineering@enicarpharma.com,,,,SOP INDEX sheet ENGINEERING; issued 2026-03-19,QA_SOP/SOP INDEX.xlsx
SOP-UTL-023-20280318,Engineering,SOP Review,Review SOP-UTL-023 - Preventive Maintenance of Transformer,SOP-UTL-023,sop_review,two-yearly,specific_date,2028-03-18,2028-03-28,2026-03-19,,pending,,pending,engineering@enicarpharma.com,,,,SOP INDEX sheet ENGINEERING; issued 2026-03-19,QA_SOP/SOP INDEX.xlsx
SOP-UTL-024-20280318,Engineering,SOP Review,Review SOP-UTL-024 - Preventive Maintenance of PVC Shrink Machine,SOP-UTL-024,sop_review,two-yearly,specific_date,2028-03-18,2028-03-28,2026-03-19,,pending,,pending,engineering@enicarpharma.com,,,,SOP INDEX sheet ENGINEERING; issued 2026-03-19,QA_SOP/SOP INDEX.xlsx
SOP-UTL-025-20280318,Engineering,SOP Review,Review SOP-UTL-025 - Preventive Maintenance of Bottle Labelling Machine,SOP-UTL-025,sop_review,two-yearly,specific_date,2028-03-18,2028-03-28,2026-03-19,,pending,,pending,engineering@enicarpharma.com,,,,SOP INDEX sheet ENGINEERING; issued 2026-03-19,QA_SOP/SOP INDEX.xlsx
SOP-UTL-018-20280319,Engineering,SOP Review,Review SOP-UTL-018 - Preventive Maintenance of Air Curtain,SOP-UTL-018,sop_review,two-yearly,specific_date,2028-03-19,2028-03-29,2026-03-20,,pending,,pending,engineering@enicarpharma.com,,,,SOP INDEX sheet ENGINEERING; issued 2026-03-20,QA_SOP/SOP INDEX.xlsx
SOP-UTL-027-20280319,Engineering,SOP Review,Review SOP-UTL-027 - Preventive Maintenance of Strapping Machine,SOP-UTL-027,sop_review,two-yearly,specific_date,2028-03-19,2028-03-29,2026-03-20,,pending,,pending,engineering@enicarpharma.com,,,,SOP INDEX sheet ENGINEERING; issued 2026-03-20,QA_SOP/SOP INDEX.xlsx
SOP-UTL-028-20280319,Engineering,SOP Review,Review SOP-UTL-028 - Flooded Screw Chiller (1 & 2) and Cooling Tower (1 & 2).,SOP-UTL-028,sop_review,two-yearly,specific_date,2028-03-19,2028-03-29,2026-03-20,,pending,,pending,engineering@enicarpharma.com,,,,SOP INDEX sheet ENGINEERING; issued 2026-03-20,QA_SOP/SOP INDEX.xlsx
SOP-UTL-043-20280331,Engineering,SOP Review,Review SOP-UTL-043 - Operation & Preventive Maintenance of Fire Alarm System,SOP-UTL-043,sop_review,two-yearly,specific_date,2028-03-31,2028-04-10,2026-04-01,,pending,,pending,engineering@enicarpharma.com,,,,SOP INDEX sheet ENGINEERING; issued 2026-04-01,QA_SOP/SOP INDEX.xlsx
SCP-UTL-007-20280428,Engineering,SOP Review,Review SCP-UTL-007 - Insectocutor,SCP-UTL-007,sop_review,two-yearly,specific_date,2028-04-28,2028-05-08,2026-04-29,,pending,,pending,engineering@enicarpharma.com,,,,SOP INDEX sheet ENGINEERING; issued 2026-04-29,QA_SOP/SOP INDEX.xlsx
SOP-UTL-005-20280515,Engineering,SOP Review,Review SOP-UTL-005 - Breakdown of Equipment,SOP-UTL-005,sop_review,two-yearly,specific_date,2028-05-15,2028-05-25,2026-05-16,,pending,,pending,engineering@enicarpharma.com,,,,SOP INDEX sheet ENGINEERING; issued 2026-05-16,QA_SOP/SOP INDEX.xlsx
SOP-UTL-009-20280515,Engineering,SOP Review,Review SOP-UTL-009 - Preventive Maintenance of Production Equipment,SOP-UTL-009,sop_review,two-yearly,specific_date,2028-05-15,2028-05-25,2026-05-16,,pending,,pending,engineering@enicarpharma.com,,,,SOP INDEX sheet ENGINEERING; issued 2026-05-16,QA_SOP/SOP INDEX.xlsx
SOP-UTL-008-20280518,Engineering,SOP Review,Review SOP-UTL-008 - Air Handling Units,SOP-UTL-008,sop_review,two-yearly,specific_date,2028-05-18,2028-05-28,2026-05-19,,pending,,pending,engineering@enicarpharma.com,,,,SOP INDEX sheet ENGINEERING; issued 2026-05-19,QA_SOP/SOP INDEX.xlsx
SOP-UTL-014-20280518,Engineering,SOP Review,Review SOP-UTL-014 - Preventive Maintenance of  Air Handling Unit,SOP-UTL-014,sop_review,two-yearly,specific_date,2028-05-18,2028-05-28,2026-05-19,,pending,,pending,engineering@enicarpharma.com,,,,SOP INDEX sheet ENGINEERING; issued 2026-05-19,QA_SOP/SOP INDEX.xlsx
SOP-UTL-031-20280518,Engineering,SOP Review,Review SOP-UTL-031 - Sanitization of Purified Water Storage Tank & Distribution Loop,SOP-UTL-031,sop_review,two-yearly,specific_date,2028-05-18,2028-05-28,2026-05-19,,pending,,pending,engineering@enicarpharma.com,,,,SOP INDEX sheet ENGINEERING; issued 2026-05-19,QA_SOP/SOP INDEX.xlsx
SOP-QC-141-20260825,Micro,SOP Review,Review SOP-QC-141 - Operation and Calibration Digital Zone Reader,SOP-QC-141,sop_review,two-yearly,specific_date,2026-08-25,2026-09-04,2024-08-26,,pending,,pending,micro@enicarpharma.com,,,,SOP INDEX sheet MICRO; issued 2024-08-26,QA_SOP/SOP INDEX.xlsx
SOP-QC-148-20261027,Micro,SOP Review,Review SOP-QC-148 - Identification of Environmental Isolates,SOP-QC-148,sop_review,two-yearly,specific_date,2026-10-27,2026-11-06,2024-10-28,,pending,,pending,micro@enicarpharma.com,,,,SOP INDEX sheet MICRO; issued 2024-10-28,QA_SOP/SOP INDEX.xlsx
SOP-QC-149-20270121,Micro,SOP Review,Review SOP-QC-149 - Operation and Calibration Procedure of Air Sampler With Compress Air Accessories,SOP-QC-149,sop_review,two-yearly,specific_date,2027-01-21,2027-01-31,2025-01-22,,pending,,pending,micro@enicarpharma.com,,,,SOP INDEX sheet MICRO; issued 2025-01-22,QA_SOP/SOP INDEX.xlsx
SOP-QC-113-20270317,Micro,SOP Review,Review SOP-QC-113 - Microbial Limit Test of Primary Packing Material,SOP-QC-113,sop_review,two-yearly,specific_date,2027-03-17,2027-03-27,2025-03-18,,pending,,pending,micro@enicarpharma.com,,,,SOP INDEX sheet MICRO; issued 2025-03-18,QA_SOP/SOP INDEX.xlsx
SOP-QC-146-20270323,Micro,SOP Review,Review SOP-QC-146 - Heating Mantle,SOP-QC-146,sop_review,two-yearly,specific_date,2027-03-23,2027-04-02,2025-03-24,,pending,,pending,micro@enicarpharma.com,,,,SOP INDEX sheet MICRO; issued 2025-03-24,QA_SOP/SOP INDEX.xlsx
SOP-QC-111-20270412,Micro,SOP Review,Review SOP-QC-111 - Microbial Limit Test of Water,SOP-QC-111,sop_review,two-yearly,specific_date,2027-04-12,2027-04-22,2025-04-13,,pending,,pending,micro@enicarpharma.com,,,,SOP INDEX sheet MICRO; issued 2025-04-13,QA_SOP/SOP INDEX.xlsx
SOP-QC-112-20270412,Micro,SOP Review,Review SOP-QC-112 - Microbial Limit Tests of Raw Material and Finished Product,SOP-QC-112,sop_review,two-yearly,specific_date,2027-04-12,2027-04-22,2025-04-13,,pending,,pending,micro@enicarpharma.com,,,,SOP INDEX sheet MICRO; issued 2025-04-13,QA_SOP/SOP INDEX.xlsx
SOP-QC-135-20270412,Micro,SOP Review,Review SOP-QC-135 - Operation of Colony Counter and Calibration Procedure,SOP-QC-135,sop_review,two-yearly,specific_date,2027-04-12,2027-04-22,2025-04-13,,pending,,pending,micro@enicarpharma.com,,,,SOP INDEX sheet MICRO; issued 2025-04-13,QA_SOP/SOP INDEX.xlsx
SOP-QC-103-20270505,Micro,SOP Review,Review SOP-QC-103 - Operation of Autoclave,SOP-QC-103,sop_review,two-yearly,specific_date,2027-05-05,2027-05-15,2025-05-06,,pending,,pending,micro@enicarpharma.com,,,,SOP INDEX sheet MICRO; issued 2025-05-06,QA_SOP/SOP INDEX.xlsx
SOP-QC-106-20270507,Micro,SOP Review,Review SOP-QC-106 - Preparation and Destruction of Media and Cultures For Microbiological Analysis,SOP-QC-106,sop_review,two-yearly,specific_date,2027-05-07,2027-05-17,2025-05-08,,pending,,pending,micro@enicarpharma.com,,,,SOP INDEX sheet MICRO; issued 2025-05-08,QA_SOP/SOP INDEX.xlsx
SOP-QC-125-20270508,Micro,SOP Review,Review SOP-QC-125 - Cleaning of Microbiology Section,SOP-QC-125,sop_review,two-yearly,specific_date,2027-05-08,2027-05-18,2025-05-09,,pending,,pending,micro@enicarpharma.com,,,,SOP INDEX sheet MICRO; issued 2025-05-09,QA_SOP/SOP INDEX.xlsx
SOP-QC-134-20270508,Micro,SOP Review,Review SOP-QC-134 - Microbial Limit Tests of Bulk Product,SOP-QC-134,sop_review,two-yearly,specific_date,2027-05-08,2027-05-18,2025-05-09,,pending,,pending,micro@enicarpharma.com,,,,SOP INDEX sheet MICRO; issued 2025-05-09,QA_SOP/SOP INDEX.xlsx
SOP-QC-108-20270511,Micro,SOP Review,Review SOP-QC-108 - Destruction of Expired Media Pack,SOP-QC-108,sop_review,two-yearly,specific_date,2027-05-11,2027-05-21,2025-05-12,,pending,,pending,micro@enicarpharma.com,,,,SOP INDEX sheet MICRO; issued 2025-05-12,QA_SOP/SOP INDEX.xlsx
SOP-QC-139-20270511,Micro,SOP Review,Review SOP-QC-139 - Operation and Calibration of pH Meter,SOP-QC-139,sop_review,two-yearly,specific_date,2027-05-11,2027-05-21,2025-05-12,,pending,,pending,micro@enicarpharma.com,,,,SOP INDEX sheet MICRO; issued 2025-05-12,QA_SOP/SOP INDEX.xlsx
SOP-QC-110-20270512,Micro,SOP Review,Review SOP-QC-110 - Operation and Calibration Procedure of Laminar Air Flow Work Station,SOP-QC-110,sop_review,two-yearly,specific_date,2027-05-12,2027-05-22,2025-05-13,,pending,,pending,micro@enicarpharma.com,,,,SOP INDEX sheet MICRO; issued 2025-05-13,QA_SOP/SOP INDEX.xlsx
SOP-QC-123-20270515,Micro,SOP Review,Review SOP-QC-123 - Operation and Calibration and Temperature Monitoring Procedure for Incubator,SOP-QC-123,sop_review,two-yearly,specific_date,2027-05-15,2027-05-25,2025-05-16,,pending,,pending,micro@enicarpharma.com,,,,SOP INDEX sheet MICRO; issued 2025-05-16,QA_SOP/SOP INDEX.xlsx
SOP-QC-101-20270523,Micro,SOP Review,Review SOP-QC-101 - Entry and Exit in Microbiology Section,SOP-QC-101,sop_review,two-yearly,specific_date,2027-05-23,2027-06-02,2025-05-24,,pending,,pending,micro@enicarpharma.com,,,,SOP INDEX sheet MICRO; issued 2025-05-24,QA_SOP/SOP INDEX.xlsx
SOP-QC-144-20270904,Micro,SOP Review,Review SOP-QC-144 - Operation of Autoclave,SOP-QC-144,sop_review,two-yearly,specific_date,2027-09-04,2027-09-14,2025-09-05,,pending,,pending,micro@enicarpharma.com,,,,SOP INDEX sheet MICRO; issued 2025-09-05,QA_SOP/SOP INDEX.xlsx
SOP-QC-147-20270907,Micro,SOP Review,Review SOP-QC-147 - Refrigerator,SOP-QC-147,sop_review,two-yearly,specific_date,2027-09-07,2027-09-17,2025-09-08,,pending,,pending,micro@enicarpharma.com,,,,SOP INDEX sheet MICRO; issued 2025-09-08,QA_SOP/SOP INDEX.xlsx
SOP-QC-105-20270912,Micro,SOP Review,Review SOP-QC-105 - Validation of Autoclave,SOP-QC-105,sop_review,two-yearly,specific_date,2027-09-12,2027-09-22,2025-09-13,,pending,,pending,micro@enicarpharma.com,,,,SOP INDEX sheet MICRO; issued 2025-09-13,QA_SOP/SOP INDEX.xlsx
SOP-QC-114-20270912,Micro,SOP Review,Review SOP-QC-114 - Sampling of Water,SOP-QC-114,sop_review,two-yearly,specific_date,2027-09-12,2027-09-22,2025-09-13,,pending,,pending,micro@enicarpharma.com,,,,SOP INDEX sheet MICRO; issued 2025-09-13,QA_SOP/SOP INDEX.xlsx
SOP-QC-145-20270912,Micro,SOP Review,Review SOP-QC-145 - Handling of Out of Specification (OOS),SOP-QC-145,sop_review,two-yearly,specific_date,2027-09-12,2027-09-22,2025-09-13,,pending,,pending,micro@enicarpharma.com,,,,SOP INDEX sheet MICRO; issued 2025-09-13,QA_SOP/SOP INDEX.xlsx
SOP-QC-124-20271002,Micro,SOP Review,Review SOP-QC-124 - Sanitizing the Microbiology Section by Fogging,SOP-QC-124,sop_review,two-yearly,specific_date,2027-10-02,2027-10-12,2025-10-03,,pending,,pending,micro@enicarpharma.com,,,,SOP INDEX sheet MICRO; issued 2025-10-03,QA_SOP/SOP INDEX.xlsx
SOP-QC-126-20271114,Micro,SOP Review,Review SOP-QC-126 - Receiving and Maintaining the Stock and Usage of Media,SOP-QC-126,sop_review,two-yearly,specific_date,2027-11-14,2027-11-24,2025-11-15,,pending,,pending,micro@enicarpharma.com,,,,SOP INDEX sheet MICRO; issued 2025-11-15,QA_SOP/SOP INDEX.xlsx
SOP-QC-130-20271120,Micro,SOP Review,Review SOP-QC-130 - Microbial Evaluation of Drains by Swab Method,SOP-QC-130,sop_review,two-yearly,specific_date,2027-11-20,2027-11-30,2025-11-21,,pending,,pending,micro@enicarpharma.com,,,,SOP INDEX sheet MICRO; issued 2025-11-21,QA_SOP/SOP INDEX.xlsx
SOP-QC-121-20280315,Micro,SOP Review,Review SOP-QC-121 - Microbial Evaluation of Area and Equipment Cleaning by Swab Method,SOP-QC-121,sop_review,two-yearly,specific_date,2028-03-15,2028-03-25,2026-03-16,,pending,,pending,micro@enicarpharma.com,,,,SOP INDEX sheet MICRO; issued 2026-03-16,QA_SOP/SOP INDEX.xlsx
SOP-QC-128-20280315,Micro,SOP Review,Review SOP-QC-128 - Checking Personnel Hygiene of Workers by Hand Swab Method,SOP-QC-128,sop_review,two-yearly,specific_date,2028-03-15,2028-03-25,2026-03-16,,pending,,pending,micro@enicarpharma.com,,,,SOP INDEX sheet MICRO; issued 2026-03-16,QA_SOP/SOP INDEX.xlsx
SOP-QC-143-20280316,Micro,SOP Review,Review SOP-QC-143 - Microbial Limit Test Validation,SOP-QC-143,sop_review,two-yearly,specific_date,2028-03-16,2028-03-26,2026-03-17,,pending,,pending,micro@enicarpharma.com,,,,SOP INDEX sheet MICRO; issued 2026-03-17,QA_SOP/SOP INDEX.xlsx
SOP-QC-118-20280317,Micro,SOP Review,Review SOP-QC-118 - Efficacy Testing of Disinfectant,SOP-QC-118,sop_review,two-yearly,specific_date,2028-03-17,2028-03-27,2026-03-18,,pending,,pending,micro@enicarpharma.com,,,,SOP INDEX sheet MICRO; issued 2026-03-18,QA_SOP/SOP INDEX.xlsx
SOP-QC-107-20280318,Micro,SOP Review,Review SOP-QC-107 - Allocating Batch Number to Prepared and Sterilised Media,SOP-QC-107,sop_review,two-yearly,specific_date,2028-03-18,2028-03-28,2026-03-19,,pending,,pending,micro@enicarpharma.com,,,,SOP INDEX sheet MICRO; issued 2026-03-19,QA_SOP/SOP INDEX.xlsx
SOP-QC-109-20280318,Micro,SOP Review,Review SOP-QC-109 - Growth Promotion Test / Fertility Testing of Microbiological Media,SOP-QC-109,sop_review,two-yearly,specific_date,2028-03-18,2028-03-28,2026-03-19,,pending,,pending,micro@enicarpharma.com,,,,SOP INDEX sheet MICRO; issued 2026-03-19,QA_SOP/SOP INDEX.xlsx
SOP-QC-117-20280318,Micro,SOP Review,Review SOP-QC-117 - Positive and Negative Control,SOP-QC-117,sop_review,two-yearly,specific_date,2028-03-18,2028-03-28,2026-03-19,,pending,,pending,micro@enicarpharma.com,,,,SOP INDEX sheet MICRO; issued 2026-03-19,QA_SOP/SOP INDEX.xlsx
SOP-QC-119-20280318,Micro,SOP Review,Review SOP-QC-119 - Cleaning of Laboratory Glassware,SOP-QC-119,sop_review,two-yearly,specific_date,2028-03-18,2028-03-28,2026-03-19,,pending,,pending,micro@enicarpharma.com,,,,SOP INDEX sheet MICRO; issued 2026-03-19,QA_SOP/SOP INDEX.xlsx
SOP-QC-115-20280319,Micro,SOP Review,Review SOP-QC-115 - Handling and Maintenance of Microbial Cultures,SOP-QC-115,sop_review,two-yearly,specific_date,2028-03-19,2028-03-29,2026-03-20,,pending,,pending,micro@enicarpharma.com,,,,SOP INDEX sheet MICRO; issued 2026-03-20,QA_SOP/SOP INDEX.xlsx
SOP-QC-116-20280319,Micro,SOP Review,Review SOP-QC-116 - Gram Staining and Motility Test,SOP-QC-116,sop_review,two-yearly,specific_date,2028-03-19,2028-03-29,2026-03-20,,pending,,pending,micro@enicarpharma.com,,,,SOP INDEX sheet MICRO; issued 2026-03-20,QA_SOP/SOP INDEX.xlsx
SOP-QC-120-20280319,Micro,SOP Review,Review SOP-QC-120 - Bioassay of Cyanocobalamin (Vitamin B12),SOP-QC-120,sop_review,two-yearly,specific_date,2028-03-19,2028-03-29,2026-03-20,,pending,,pending,micro@enicarpharma.com,,,,SOP INDEX sheet MICRO; issued 2026-03-20,QA_SOP/SOP INDEX.xlsx
SOP-QC-127-20280319,Micro,SOP Review,Review SOP-QC-127 - Microscope,SOP-QC-127,sop_review,two-yearly,specific_date,2028-03-19,2028-03-29,2026-03-20,,pending,,pending,micro@enicarpharma.com,,,,SOP INDEX sheet MICRO; issued 2026-03-20,QA_SOP/SOP INDEX.xlsx
SOP-QC-129-20280319,Micro,SOP Review,Review SOP-QC-129 - Temperature Monitoring of Microbiology Area and Refrigerator,SOP-QC-129,sop_review,two-yearly,specific_date,2028-03-19,2028-03-29,2026-03-20,,pending,,pending,micro@enicarpharma.com,,,,SOP INDEX sheet MICRO; issued 2026-03-20,QA_SOP/SOP INDEX.xlsx
SOP-QC-133-20280319,Micro,SOP Review,Review SOP-QC-133 - Pass Box,SOP-QC-133,sop_review,two-yearly,specific_date,2028-03-19,2028-03-29,2026-03-20,,pending,,pending,micro@enicarpharma.com,,,,SOP INDEX sheet MICRO; issued 2026-03-20,QA_SOP/SOP INDEX.xlsx
SOP-QC-138-20280319,Micro,SOP Review,Review SOP-QC-138 - Hot Air Oven,SOP-QC-138,sop_review,two-yearly,specific_date,2028-03-19,2028-03-29,2026-03-20,,pending,,pending,micro@enicarpharma.com,,,,SOP INDEX sheet MICRO; issued 2026-03-20,QA_SOP/SOP INDEX.xlsx
SOP-QC-132-20280320,Micro,SOP Review,Review SOP-QC-132 - Testing Effectiveness of Antimicrobial Preservative’s,SOP-QC-132,sop_review,two-yearly,specific_date,2028-03-20,2028-03-30,2026-03-21,,pending,,pending,micro@enicarpharma.com,,,,SOP INDEX sheet MICRO; issued 2026-03-21,QA_SOP/SOP INDEX.xlsx
SOP-QC-140-20280320,Micro,SOP Review,Review SOP-QC-140 - Water Bath,SOP-QC-140,sop_review,two-yearly,specific_date,2028-03-20,2028-03-30,2026-03-21,,pending,,pending,micro@enicarpharma.com,,,,SOP INDEX sheet MICRO; issued 2026-03-21,QA_SOP/SOP INDEX.xlsx
SOP-QC-142-20280320,Micro,SOP Review,Review SOP-QC-142 - Bioassay of Antibiotic,SOP-QC-142,sop_review,two-yearly,specific_date,2028-03-20,2028-03-30,2026-03-21,,pending,,pending,micro@enicarpharma.com,,,,SOP INDEX sheet MICRO; issued 2026-03-21,QA_SOP/SOP INDEX.xlsx
SOP-QC-102-20280324,Micro,SOP Review,Review SOP-QC-102 - General Guidelines and Precautions for Working in Microbiology Laboratory,SOP-QC-102,sop_review,two-yearly,specific_date,2028-03-24,2028-04-03,2026-03-25,,pending,,pending,micro@enicarpharma.com,,,,SOP INDEX sheet MICRO; issued 2026-03-25,QA_SOP/SOP INDEX.xlsx
SOP-QC-122-20290719,Micro,SOP Review,Review SOP-QC-122 - Environmental Monitoring by Settle Plate Technique,SOP-QC-122,sop_review,per-schedule,specific_date,2029-07-19,2029-07-29,,,pending,,pending,micro@enicarpharma.com,,,,SOP INDEX sheet MICRO; issued ?,QA_SOP/SOP INDEX.xlsx
SOP-QC-137-20290805,Micro,SOP Review,Review SOP-QC-137 - Operation and Calibration of Weighing Balance,SOP-QC-137,sop_review,three-yearly,specific_date,2029-08-05,2029-08-15,2026-08-06,,pending,,pending,micro@enicarpharma.com,,,,SOP INDEX sheet MICRO; issued 2026-08-06,QA_SOP/SOP INDEX.xlsx
SOP-EHS-002-20270127,PA-EHS,SOP Review,Review SOP-EHS-002 - Standard Operating Procedure General Safety Conduct in The Company Premises.,SOP-EHS-002,sop_review,two-yearly,specific_date,2027-01-27,2027-02-06,2025-01-28,,pending,,pending,Hr@enicarpharma.com,,,,SOP INDEX sheet PA-EHS; issued 2025-01-28,QA_SOP/SOP INDEX.xlsx
SOP-EHS-001-20270203,PA-EHS,SOP Review,Review SOP-EHS-001 - Standard Operating Procedure Role & Responsibility of Safety Incharge,SOP-EHS-001,sop_review,two-yearly,specific_date,2027-02-03,2027-02-13,2025-02-04,,pending,,pending,Hr@enicarpharma.com,,,,SOP INDEX sheet PA-EHS; issued 2025-02-04,QA_SOP/SOP INDEX.xlsx
SOP-EHS-003-20270203,PA-EHS,SOP Review,Review SOP-EHS-003 - Standard Operating Procedure General Safety Conduct at Work Place.,SOP-EHS-003,sop_review,two-yearly,specific_date,2027-02-03,2027-02-13,2025-02-04,,pending,,pending,Hr@enicarpharma.com,,,,SOP INDEX sheet PA-EHS; issued 2025-02-04,QA_SOP/SOP INDEX.xlsx
SOP-EHS-005-20270203,PA-EHS,SOP Review,Review SOP-EHS-005 - Standard Operating Safety Commitee,SOP-EHS-005,sop_review,two-yearly,specific_date,2027-02-03,2027-02-13,2025-02-04,,pending,,pending,Hr@enicarpharma.com,,,,SOP INDEX sheet PA-EHS; issued 2025-02-04,QA_SOP/SOP INDEX.xlsx
SOP-PA-007-20270516,PA-EHS,SOP Review,Review SOP-PA-007 - Induction Training of Employees,SOP-PA-007,sop_review,two-yearly,specific_date,2027-05-16,2027-05-26,2025-05-17,,pending,,pending,Hr@enicarpharma.com,,,,SOP INDEX sheet PA-EHS; issued 2025-05-17,QA_SOP/SOP INDEX.xlsx
SOP-PA-008-20270516,PA-EHS,SOP Review,Review SOP-PA-008 - Recruitment of Employees,SOP-PA-008,sop_review,two-yearly,specific_date,2027-05-16,2027-05-26,2025-05-17,,pending,,pending,Hr@enicarpharma.com,,,,SOP INDEX sheet PA-EHS; issued 2025-05-17,QA_SOP/SOP INDEX.xlsx
SOP-PA-005-20270522,PA-EHS,SOP Review,Review SOP-PA-005 - In-House Laundry,SOP-PA-005,sop_review,two-yearly,specific_date,2027-05-22,2027-06-01,2025-05-23,,pending,,pending,Hr@enicarpharma.com,,,,SOP INDEX sheet PA-EHS; issued 2025-05-23,QA_SOP/SOP INDEX.xlsx
SOP-PA-001-20270924,PA-EHS,SOP Review,Review SOP-PA-001 - Pest & Rodent Control,SOP-PA-001,sop_review,two-yearly,specific_date,2027-09-24,2027-10-04,2025-09-25,,pending,,pending,Hr@enicarpharma.com,,,,SOP INDEX sheet PA-EHS; issued 2025-09-25,QA_SOP/SOP INDEX.xlsx
SOP-PA-003-20280128,PA-EHS,SOP Review,Review SOP-PA-003 - Sanitization / Housekeeping,SOP-PA-003,sop_review,two-yearly,specific_date,2028-01-28,2028-02-07,2026-01-29,,pending,,pending,Hr@enicarpharma.com,,,,SOP INDEX sheet PA-EHS; issued 2026-01-29,QA_SOP/SOP INDEX.xlsx
SOP-PA-006-20280211,PA-EHS,SOP Review,Review SOP-PA-006 - Scrap yard management,SOP-PA-006,sop_review,two-yearly,specific_date,2028-02-11,2028-02-21,2026-02-12,,pending,,pending,Hr@enicarpharma.com,,,,SOP INDEX sheet PA-EHS; issued 2026-02-12,QA_SOP/SOP INDEX.xlsx
SOP-PA-009-20280315,PA-EHS,SOP Review,Review SOP-PA-009 - Healthy And Safety Policy,SOP-PA-009,sop_review,two-yearly,specific_date,2028-03-15,2028-03-25,2026-03-16,,pending,,pending,Hr@enicarpharma.com,,,,SOP INDEX sheet PA-EHS; issued 2026-03-16,QA_SOP/SOP INDEX.xlsx
SOP-PA-010-20280315,PA-EHS,SOP Review,Review SOP-PA-010 - Medical Check-UP,SOP-PA-010,sop_review,two-yearly,specific_date,2028-03-15,2028-03-25,2026-03-16,,pending,,pending,Hr@enicarpharma.com,,,,SOP INDEX sheet PA-EHS; issued 2026-03-16,QA_SOP/SOP INDEX.xlsx
SOP-PA-002-20280318,PA-EHS,SOP Review,Review SOP-PA-002 - Fire Extinguisher,SOP-PA-002,sop_review,two-yearly,specific_date,2028-03-18,2028-03-28,2026-03-19,,pending,,pending,Hr@enicarpharma.com,,,,SOP INDEX sheet PA-EHS; issued 2026-03-19,QA_SOP/SOP INDEX.xlsx
SOP-PA-004-20280402,PA-EHS,SOP Review,Review SOP-PA-004 - Personnel Hygiene,SOP-PA-004,sop_review,two-yearly,specific_date,2028-04-02,2028-04-12,2026-04-03,,pending,,pending,Hr@enicarpharma.com,,,,SOP INDEX sheet PA-EHS; issued 2026-04-03,QA_SOP/SOP INDEX.xlsx
SOP-PR-064-20260803,Production,SOP Review,Review SOP-PR-064 - Premixing Vessel 500 Ltr-1 of 10 KL Manufacturing tank,SOP-PR-064,sop_review,two-yearly,specific_date,2026-08-03,2026-08-13,2024-08-04,,pending,,pending,production@enicarpharma.com,,,,SOP INDEX sheet PRODUCTION; issued 2024-08-04,QA_SOP/SOP INDEX.xlsx
SOP-PR-065-20260803,Production,SOP Review,Review SOP-PR-065 - Premixing Vessel 500 Ltr-1 of 05 KL Manufacturing tank,SOP-PR-065,sop_review,two-yearly,specific_date,2026-08-03,2026-08-13,2024-08-04,,pending,,pending,production@enicarpharma.com,,,,SOP INDEX sheet PRODUCTION; issued 2024-08-04,QA_SOP/SOP INDEX.xlsx
SOP/1-PR-001-20260803,Production,SOP Review,Review SOP/1-PR-001 - Sucrose syrup manufacturing tank,SOP/1-PR-001,sop_review,two-yearly,specific_date,2026-08-03,2026-08-13,2024-08-04,,pending,,pending,production@enicarpharma.com,,,,SOP INDEX sheet PRODUCTION; issued 2024-08-04,QA_SOP/SOP INDEX.xlsx
SOP/1-PR-002-20260803,Production,SOP Review,Review SOP/1-PR-002 - 10 KL Manufacturing tank,SOP/1-PR-002,sop_review,two-yearly,specific_date,2026-08-03,2026-08-13,2024-08-04,,pending,,pending,production@enicarpharma.com,,,,SOP INDEX sheet PRODUCTION; issued 2024-08-04,QA_SOP/SOP INDEX.xlsx
SOP/1-PR-003-20260803,Production,SOP Review,Review SOP/1-PR-003 - 5 KL Manufacturing tank,SOP/1-PR-003,sop_review,two-yearly,specific_date,2026-08-03,2026-08-13,2024-08-04,,pending,,pending,production@enicarpharma.com,,,,SOP INDEX sheet PRODUCTION; issued 2024-08-04,QA_SOP/SOP INDEX.xlsx
SOP/1-PR-004-20260803,Production,SOP Review,Review SOP/1-PR-004 - 10 KL Liquid Storage tank,SOP/1-PR-004,sop_review,two-yearly,specific_date,2026-08-03,2026-08-13,2024-08-04,,pending,,pending,production@enicarpharma.com,,,,SOP INDEX sheet PRODUCTION; issued 2024-08-04,QA_SOP/SOP INDEX.xlsx
SOP/1-PR-006-20260803,Production,SOP Review,Review SOP/1-PR-006 - In Line Homogenizer,SOP/1-PR-006,sop_review,two-yearly,specific_date,2026-08-03,2026-08-13,2024-08-04,,pending,,pending,production@enicarpharma.com,,,,SOP INDEX sheet PRODUCTION; issued 2024-08-04,QA_SOP/SOP INDEX.xlsx
SCP/1-PR-006-20260804,Production,SOP Review,Review SCP/1-PR-006 - Inline homogenizer,SCP/1-PR-006,sop_review,two-yearly,specific_date,2026-08-04,2026-08-14,2024-08-05,,pending,,pending,production@enicarpharma.com,,,,SOP INDEX sheet PRODUCTION; issued 2024-08-05,QA_SOP/SOP INDEX.xlsx
SOP-PR-029-20260916,Production,SOP Review,Review SOP-PR-029 - Dipstick,SOP-PR-029,sop_review,two-yearly,specific_date,2026-09-16,2026-09-26,2024-09-17,,pending,,pending,production@enicarpharma.com,,,,SOP INDEX sheet PRODUCTION; issued 2024-09-17,QA_SOP/SOP INDEX.xlsx
SCP-PR-024-20260927,Production,SOP Review,Review SCP-PR-024 - Sparkler Filter Press,SCP-PR-024,sop_review,two-yearly,specific_date,2026-09-27,2026-10-07,2024-09-28,,pending,,pending,production@enicarpharma.com,,,,SOP INDEX sheet PRODUCTION; issued 2024-09-28,QA_SOP/SOP INDEX.xlsx
CAL-PR-014-20260928,Production,SOP Review,Review CAL-PR-014 - 40 Litre S. S. Vessel,CAL-PR-014,sop_review,two-yearly,specific_date,2026-09-28,2026-10-08,2024-09-29,,pending,,pending,production@enicarpharma.com,,,,SOP INDEX sheet PRODUCTION; issued 2024-09-29,QA_SOP/SOP INDEX.xlsx
SOP-PR-069-20261016,Production,SOP Review,Review SOP-PR-069 - Clean in place System,SOP-PR-069,sop_review,two-yearly,specific_date,2026-10-16,2026-10-26,2024-10-17,,pending,,pending,production@enicarpharma.com,,,,SOP INDEX sheet PRODUCTION; issued 2024-10-17,QA_SOP/SOP INDEX.xlsx
SOP-PR-096-20261115,Production,SOP Review,Review SOP-PR-096 - Sleeve Printing Machine,SOP-PR-096,sop_review,two-yearly,specific_date,2026-11-15,2026-11-25,2024-11-16,,pending,,pending,production@enicarpharma.com,,,,SOP INDEX sheet PRODUCTION; issued 2024-11-16,QA_SOP/SOP INDEX.xlsx
SOP-PR-012-20270106,Production,SOP Review,Review SOP-PR-012 - 8-Head Linear Bottle Filling Machine,SOP-PR-012,sop_review,two-yearly,specific_date,2027-01-06,2027-01-16,2025-01-07,,pending,,pending,production@enicarpharma.com,,,,SOP INDEX sheet PRODUCTION; issued 2025-01-07,QA_SOP/SOP INDEX.xlsx
SOP-PR-090-20270106,Production,SOP Review,Review SOP-PR-090 - 600 Litre manufacturing Tank,SOP-PR-090,sop_review,two-yearly,specific_date,2027-01-06,2027-01-16,2025-01-07,,pending,,pending,production@enicarpharma.com,,,,SOP INDEX sheet PRODUCTION; issued 2025-01-07,QA_SOP/SOP INDEX.xlsx
SOP-PR-091-20270106,Production,SOP Review,Review SOP-PR-091 - Litre liquid 600 storage tank,SOP-PR-091,sop_review,two-yearly,specific_date,2027-01-06,2027-01-16,2025-01-07,,pending,,pending,production@enicarpharma.com,,,,SOP INDEX sheet PRODUCTION; issued 2025-01-07,QA_SOP/SOP INDEX.xlsx
SCP-PR-015-20270323,Production,SOP Review,Review SCP-PR-015 - Self Adhesive Bottle Labeling Machine,SCP-PR-015,sop_review,two-yearly,specific_date,2027-03-23,2027-04-02,2025-03-24,,pending,,pending,production@enicarpharma.com,,,,SOP INDEX sheet PRODUCTION; issued 2025-03-24,QA_SOP/SOP INDEX.xlsx
SOP-PR-036-20270325,Production,SOP Review,Review SOP-PR-036 - PVC Shrink Machine,SOP-PR-036,sop_review,two-yearly,specific_date,2027-03-25,2027-04-04,2025-03-26,,pending,,pending,production@enicarpharma.com,,,,SOP INDEX sheet PRODUCTION; issued 2025-03-26,QA_SOP/SOP INDEX.xlsx
SOP-PR-051-20270325,Production,SOP Review,Review SOP-PR-051 - Roller Label Printing Machine,SOP-PR-051,sop_review,two-yearly,specific_date,2027-03-25,2027-04-04,2025-03-26,,pending,,pending,production@enicarpharma.com,,,,SOP INDEX sheet PRODUCTION; issued 2025-03-26,QA_SOP/SOP INDEX.xlsx
SCP-PR-019-20270326,Production,SOP Review,Review SCP-PR-019 - Visual Inspection Belt,SCP-PR-019,sop_review,two-yearly,specific_date,2027-03-26,2027-04-05,2025-03-27,,pending,,pending,production@enicarpharma.com,,,,SOP INDEX sheet PRODUCTION; issued 2025-03-27,QA_SOP/SOP INDEX.xlsx
SCP/1-PR-058-20270326,Production,SOP Review,Review SCP/1-PR-058 - Basket filter,SCP/1-PR-058,sop_review,two-yearly,specific_date,2027-03-26,2027-04-05,2025-03-27,,pending,,pending,production@enicarpharma.com,,,,SOP INDEX sheet PRODUCTION; issued 2025-03-27,QA_SOP/SOP INDEX.xlsx
SOP-PR-019-20270326,Production,SOP Review,Review SOP-PR-019 - Visual Inspection and Liquid Packing,SOP-PR-019,sop_review,two-yearly,specific_date,2027-03-26,2027-04-05,2025-03-27,,pending,,pending,production@enicarpharma.com,,,,SOP INDEX sheet PRODUCTION; issued 2025-03-27,QA_SOP/SOP INDEX.xlsx
SCP-PR-017-20270327,Production,SOP Review,Review SCP-PR-017 - Conveyor Belt,SCP-PR-017,sop_review,two-yearly,specific_date,2027-03-27,2027-04-06,2025-03-28,,pending,,pending,production@enicarpharma.com,,,,SOP INDEX sheet PRODUCTION; issued 2025-03-28,QA_SOP/SOP INDEX.xlsx
SOP-PR-017-20270327,Production,SOP Review,Review SOP-PR-017 - Conveyor Belt,SOP-PR-017,sop_review,two-yearly,specific_date,2027-03-27,2027-04-06,2025-03-28,,pending,,pending,production@enicarpharma.com,,,,SOP INDEX sheet PRODUCTION; issued 2025-03-28,QA_SOP/SOP INDEX.xlsx
SCP-PR-007-20270402,Production,SOP Review,Review SCP-PR-007 - Sucrose Transfer System,SCP-PR-007,sop_review,two-yearly,specific_date,2027-04-02,2027-04-12,2025-04-03,,pending,,pending,production@enicarpharma.com,,,,SOP INDEX sheet PRODUCTION; issued 2025-04-03,QA_SOP/SOP INDEX.xlsx
SOP-PR-031-20270403,Production,SOP Review,Review SOP-PR-031 - Packing Operation,SOP-PR-031,sop_review,two-yearly,specific_date,2027-04-03,2027-04-13,2025-04-04,,pending,,pending,production@enicarpharma.com,,,,SOP INDEX sheet PRODUCTION; issued 2025-04-04,QA_SOP/SOP INDEX.xlsx
SOP-PR-079-20270403,Production,SOP Review,"Review SOP-PR-079 - Monitoring of Temperature, Relative Humidity & Differential pressure",SOP-PR-079,sop_review,two-yearly,specific_date,2027-04-03,2027-04-13,2025-04-04,,pending,,pending,production@enicarpharma.com,,,,SOP INDEX sheet PRODUCTION; issued 2025-04-04,QA_SOP/SOP INDEX.xlsx
SOP/1-PR-067-20270509,Production,SOP Review,Review SOP/1-PR-067 - Pneumatic Transfer Pump,SOP/1-PR-067,sop_review,two-yearly,specific_date,2027-05-09,2027-05-19,2025-05-10,,pending,,pending,production@enicarpharma.com,,,,SOP INDEX sheet PRODUCTION; issued 2025-05-10,QA_SOP/SOP INDEX.xlsx
CAL-PR-015-20270511,Production,SOP Review,Review CAL-PR-015 - 1000 kg Load cell of Manufacturing Vessel,CAL-PR-015,sop_review,two-yearly,specific_date,2027-05-11,2027-05-21,2025-05-12,,pending,,pending,production@enicarpharma.com,,,,SOP INDEX sheet PRODUCTION; issued 2025-05-12,QA_SOP/SOP INDEX.xlsx
SCP-PR-059-20270511,Production,SOP Review,Review SCP-PR-059 - Pre Mix Manufacturing / Filtration/ Storage/ Decartoning/ Washing/ Filling area of new unit,SCP-PR-059,sop_review,two-yearly,specific_date,2027-05-11,2027-05-21,2025-05-12,,pending,,pending,production@enicarpharma.com,,,,SOP INDEX sheet PRODUCTION; issued 2025-05-12,QA_SOP/SOP INDEX.xlsx
SCP-PR-065-20270511,Production,SOP Review,Review SCP-PR-065 - Filtering Bin,SCP-PR-065,sop_review,two-yearly,specific_date,2027-05-11,2027-05-21,2025-05-12,,pending,,pending,production@enicarpharma.com,,,,SOP INDEX sheet PRODUCTION; issued 2025-05-12,QA_SOP/SOP INDEX.xlsx
SOP-PR-078-20270511,Production,SOP Review,Review SOP-PR-078 - Dynamic Pass Box,SOP-PR-078,sop_review,two-yearly,specific_date,2027-05-11,2027-05-21,2025-05-12,,pending,,pending,production@enicarpharma.com,,,,SOP INDEX sheet PRODUCTION; issued 2025-05-12,QA_SOP/SOP INDEX.xlsx
SOP-PR-097-20270511,Production,SOP Review,Review SOP-PR-097 - Filter Bin,SOP-PR-097,sop_review,two-yearly,specific_date,2027-05-11,2027-05-21,2025-05-12,,pending,,pending,production@enicarpharma.com,,,,SOP INDEX sheet PRODUCTION; issued 2025-05-12,QA_SOP/SOP INDEX.xlsx
SOP/1-PR-008-20270511,Production,SOP Review,Review SOP/1-PR-008 - Automatic Rotary Bottle Washing machine,SOP/1-PR-008,sop_review,two-yearly,specific_date,2027-05-11,2027-05-21,2025-05-12,,pending,,pending,production@enicarpharma.com,,,,SOP INDEX sheet PRODUCTION; issued 2025-05-12,QA_SOP/SOP INDEX.xlsx
SCP-PR-066-20270512,Production,SOP Review,Review SCP-PR-066 - Cleaning of Footwears,SCP-PR-066,sop_review,two-yearly,specific_date,2027-05-12,2027-05-22,2025-05-13,,pending,,pending,production@enicarpharma.com,,,,SOP INDEX sheet PRODUCTION; issued 2025-05-13,QA_SOP/SOP INDEX.xlsx
SOP-PR-015-20270512,Production,SOP Review,Review SOP-PR-015 - Self Adhesive Labelling Machine,SOP-PR-015,sop_review,two-yearly,specific_date,2027-05-12,2027-05-22,2025-05-13,,pending,,pending,production@enicarpharma.com,,,,SOP INDEX sheet PRODUCTION; issued 2025-05-13,QA_SOP/SOP INDEX.xlsx
SOP-PR-040-20270512,Production,SOP Review,Review SOP-PR-040 - Disinfection of Drainage Points,SOP-PR-040,sop_review,two-yearly,specific_date,2027-05-12,2027-05-22,2025-05-13,,pending,,pending,production@enicarpharma.com,,,,SOP INDEX sheet PRODUCTION; issued 2025-05-13,QA_SOP/SOP INDEX.xlsx
SOP-PR-041-20270512,Production,SOP Review,Review SOP-PR-041 - Sanitization of Production Area by Fumigation,SOP-PR-041,sop_review,two-yearly,specific_date,2027-05-12,2027-05-22,2025-05-13,,pending,,pending,production@enicarpharma.com,,,,SOP INDEX sheet PRODUCTION; issued 2025-05-13,QA_SOP/SOP INDEX.xlsx
SOP-PR-098-20270512,Production,SOP Review,Review SOP-PR-098 - Cleaning of floor machine,SOP-PR-098,sop_review,two-yearly,specific_date,2027-05-12,2027-05-22,2025-05-13,,pending,,pending,production@enicarpharma.com,,,,SOP INDEX sheet PRODUCTION; issued 2025-05-13,QA_SOP/SOP INDEX.xlsx
SOP-PR-101-20270512,Production,SOP Review,Review SOP-PR-101 - Basket Filter,SOP-PR-101,sop_review,two-yearly,specific_date,2027-05-12,2027-05-22,2025-05-13,,pending,,pending,production@enicarpharma.com,,,,SOP INDEX sheet PRODUCTION; issued 2025-05-13,QA_SOP/SOP INDEX.xlsx
SCP-PR-067-20270513,Production,SOP Review,Review SCP-PR-067 - Cleaning of Hose Pipes,SCP-PR-067,sop_review,two-yearly,specific_date,2027-05-13,2027-05-23,2025-05-14,,pending,,pending,production@enicarpharma.com,,,,SOP INDEX sheet PRODUCTION; issued 2025-05-14,QA_SOP/SOP INDEX.xlsx
CAL-PR-016-20270515,Production,SOP Review,Review CAL-PR-016 - 750 Litre Water Phase vessel,CAL-PR-016,sop_review,two-yearly,specific_date,2027-05-15,2027-05-25,2025-05-16,,pending,,pending,production@enicarpharma.com,,,,SOP INDEX sheet PRODUCTION; issued 2025-05-16,QA_SOP/SOP INDEX.xlsx
SOP-PR-099-20270515,Production,SOP Review,Review SOP-PR-099 - Drying Gun,SOP-PR-099,sop_review,two-yearly,specific_date,2027-05-15,2027-05-25,2025-05-16,,pending,,pending,production@enicarpharma.com,,,,SOP INDEX sheet PRODUCTION; issued 2025-05-16,QA_SOP/SOP INDEX.xlsx
SOP-PR-100-20270518,Production,SOP Review,Review SOP-PR-100 - Entry& Exit Procedure to Ointment Core Area,SOP-PR-100,sop_review,two-yearly,specific_date,2027-05-18,2027-05-28,2025-05-19,,pending,,pending,production@enicarpharma.com,,,,SOP INDEX sheet PRODUCTION; issued 2025-05-19,QA_SOP/SOP INDEX.xlsx
SOP-PR-043-20270519,Production,SOP Review,Review SOP-PR-043 - High Pressure Cleaning Machine,SOP-PR-043,sop_review,two-yearly,specific_date,2027-05-19,2027-05-29,2025-05-20,,pending,,pending,production@enicarpharma.com,,,,SOP INDEX sheet PRODUCTION; issued 2025-05-20,QA_SOP/SOP INDEX.xlsx
SOP-PR-102-20270520,Production,SOP Review,"Review SOP-PR-102 - SOP for Monitoring Temperature, Relative Humidity& Differential Pressure of Ointment Area",SOP-PR-102,sop_review,two-yearly,specific_date,2027-05-20,2027-05-30,2025-05-21,,pending,,pending,production@enicarpharma.com,,,,SOP INDEX sheet PRODUCTION; issued 2025-05-21,QA_SOP/SOP INDEX.xlsx
SOP-PR-103-20270520,Production,SOP Review,Review SOP-PR-103 - SOP for Decartoning of Tubes Laminated / Aluminium,SOP-PR-103,sop_review,two-yearly,specific_date,2027-05-20,2027-05-30,2025-05-21,,pending,,pending,production@enicarpharma.com,,,,SOP INDEX sheet PRODUCTION; issued 2025-05-21,QA_SOP/SOP INDEX.xlsx
SOP-PR-104-20270521,Production,SOP Review,Review SOP-PR-104 - SOP for 1000 kg Ointment Storage Tank,SOP-PR-104,sop_review,two-yearly,specific_date,2027-05-21,2027-05-31,2025-05-22,,pending,,pending,production@enicarpharma.com,,,,SOP INDEX sheet PRODUCTION; issued 2025-05-22,QA_SOP/SOP INDEX.xlsx
SCP-PR-068-20270522,Production,SOP Review,Review SCP-PR-068 - Storage Vessel of Ointment & Cream,SCP-PR-068,sop_review,two-yearly,specific_date,2027-05-22,2027-06-01,2025-05-23,,pending,,pending,production@enicarpharma.com,,,,SOP INDEX sheet PRODUCTION; issued 2025-05-23,QA_SOP/SOP INDEX.xlsx
SCP-PR-069-20270522,Production,SOP Review,Review SCP-PR-069 - Manufacturing of Ointment Plant,SCP-PR-069,sop_review,two-yearly,specific_date,2027-05-22,2027-06-01,2025-05-23,,pending,,pending,production@enicarpharma.com,,,,SOP INDEX sheet PRODUCTION; issued 2025-05-23,QA_SOP/SOP INDEX.xlsx
SCP-PR-070-20270523,Production,SOP Review,Review SCP-PR-070 - Tube Filling and sealing Machine,SCP-PR-070,sop_review,two-yearly,specific_date,2027-05-23,2027-06-02,2025-05-24,,pending,,pending,production@enicarpharma.com,,,,SOP INDEX sheet PRODUCTION; issued 2025-05-24,QA_SOP/SOP INDEX.xlsx
SOP-PR-105-20270523,Production,SOP Review,Review SOP-PR-105 - Over wrapping Machine of Ointment Department,SOP-PR-105,sop_review,two-yearly,specific_date,2027-05-23,2027-06-02,2025-05-24,,pending,,pending,production@enicarpharma.com,,,,SOP INDEX sheet PRODUCTION; issued 2025-05-24,QA_SOP/SOP INDEX.xlsx
SOP-PR-025-20270526,Production,SOP Review,Review SOP-PR-025 - Electronic Balance,SOP-PR-025,sop_review,two-yearly,specific_date,2027-05-26,2027-06-05,2025-05-27,,pending,,pending,production@enicarpharma.com,,,,SOP INDEX sheet PRODUCTION; issued 2025-05-27,QA_SOP/SOP INDEX.xlsx
SCP/1-PR-012-20270624,Production,SOP Review,Review SCP/1-PR-012 - 20 Head Bottle filling & 12 Head sealing machine,SCP/1-PR-012,sop_review,two-yearly,specific_date,2027-06-24,2027-07-04,2025-06-25,,pending,,pending,production@enicarpharma.com,,,,SOP INDEX sheet PRODUCTION; issued 2025-06-25,QA_SOP/SOP INDEX.xlsx
SCP-PR-005-20270625,Production,SOP Review,Review SCP-PR-005 - 1500 Lts Storage Tank,SCP-PR-005,sop_review,two-yearly,specific_date,2027-06-25,2027-07-05,2025-06-26,,pending,,pending,production@enicarpharma.com,,,,SOP INDEX sheet PRODUCTION; issued 2025-06-26,QA_SOP/SOP INDEX.xlsx
SCP/1-PR-001-20270625,Production,SOP Review,Review SCP/1-PR-001 - Manufacturing and Storage tanks,SCP/1-PR-001,sop_review,two-yearly,specific_date,2027-06-25,2027-07-05,2025-06-26,,pending,,pending,production@enicarpharma.com,,,,SOP INDEX sheet PRODUCTION; issued 2025-06-26,QA_SOP/SOP INDEX.xlsx
SOP/1-PR-052-20270804,Production,SOP Review,Review SOP/1-PR-052 - Drum Lifter,SOP/1-PR-052,sop_review,two-yearly,specific_date,2027-08-04,2027-08-14,2025-08-05,,pending,,pending,production@enicarpharma.com,,,,SOP INDEX sheet PRODUCTION; issued 2025-08-05,QA_SOP/SOP INDEX.xlsx
SCP/1-PR-008-20270815,Production,SOP Review,Review SCP/1-PR-008 - Automatic Rotary Bottle washing machine,SCP/1-PR-008,sop_review,two-yearly,specific_date,2027-08-15,2027-08-25,2025-08-16,,pending,,pending,production@enicarpharma.com,,,,SOP INDEX sheet PRODUCTION; issued 2025-08-16,QA_SOP/SOP INDEX.xlsx
CAL-PR-012-20270823,Production,SOP Review,Review CAL-PR-012 - Digital pH Meter,CAL-PR-012,sop_review,two-yearly,specific_date,2027-08-23,2027-09-02,2025-08-24,,pending,,pending,production@enicarpharma.com,,,,SOP INDEX sheet PRODUCTION; issued 2025-08-24,QA_SOP/SOP INDEX.xlsx
SOP-PR-068-20270908,Production,SOP Review,Review SOP-PR-068 - Sticker Labelling machine Camera System (Vision System),SOP-PR-068,sop_review,two-yearly,specific_date,2027-09-08,2027-09-18,2025-09-09,,pending,,pending,production@enicarpharma.com,,,,SOP INDEX sheet PRODUCTION; issued 2025-09-09,QA_SOP/SOP INDEX.xlsx
SOP-PR-026-20271014,Production,SOP Review,Review SOP-PR-026 - Entry & Exit to all Plant Area,SOP-PR-026,sop_review,two-yearly,specific_date,2027-10-14,2027-10-24,2025-10-15,,pending,,pending,production@enicarpharma.com,,,,SOP INDEX sheet PRODUCTION; issued 2025-10-15,QA_SOP/SOP INDEX.xlsx
SOP-PR-106-20271110,Production,SOP Review,Review SOP-PR-106 - Automatic Bottle Body Sleeving Machine,SOP-PR-106,sop_review,two-yearly,specific_date,2027-11-10,2027-11-20,2025-11-11,,pending,,pending,production@enicarpharma.com,,,,SOP INDEX sheet PRODUCTION; issued 2025-11-11,QA_SOP/SOP INDEX.xlsx
SCP-PR-061-20271130,Production,SOP Review,Review SCP-PR-061 - 600 Litre Manufacturing Tank,SCP-PR-061,sop_review,two-yearly,specific_date,2027-11-30,2027-12-10,2025-12-01,,pending,,pending,production@enicarpharma.com,,,,SOP INDEX sheet PRODUCTION; issued 2025-12-01,QA_SOP/SOP INDEX.xlsx
SCP-PR-062-20271130,Production,SOP Review,Review SCP-PR-062 - 600 Litre Storage Tank,SCP-PR-062,sop_review,two-yearly,specific_date,2027-11-30,2027-12-10,2025-12-01,,pending,,pending,production@enicarpharma.com,,,,SOP INDEX sheet PRODUCTION; issued 2025-12-01,QA_SOP/SOP INDEX.xlsx
SCP-PR-063-20271130,Production,SOP Review,Review SCP-PR-063 - 200 Litre premix Tank,SCP-PR-063,sop_review,two-yearly,specific_date,2027-11-30,2027-12-10,2025-12-01,,pending,,pending,production@enicarpharma.com,,,,SOP INDEX sheet PRODUCTION; issued 2025-12-01,QA_SOP/SOP INDEX.xlsx
SOP-PR-070-20271130,Production,SOP Review,Review SOP-PR-070 - 600 Litre Manufacturing Tank,SOP-PR-070,sop_review,two-yearly,specific_date,2027-11-30,2027-12-10,2025-12-01,,pending,,pending,production@enicarpharma.com,,,,SOP INDEX sheet PRODUCTION; issued 2025-12-01,QA_SOP/SOP INDEX.xlsx
SOP-PR-071-20271130,Production,SOP Review,Review SOP-PR-071 - 600 Litre Liquid Storage Tank,SOP-PR-071,sop_review,two-yearly,specific_date,2027-11-30,2027-12-10,2025-12-01,,pending,,pending,production@enicarpharma.com,,,,SOP INDEX sheet PRODUCTION; issued 2025-12-01,QA_SOP/SOP INDEX.xlsx
SOP-PR-072-20271130,Production,SOP Review,Review SOP-PR-072 - 200 Litre Premix Vessel,SOP-PR-072,sop_review,two-yearly,specific_date,2027-11-30,2027-12-10,2025-12-01,,pending,,pending,production@enicarpharma.com,,,,SOP INDEX sheet PRODUCTION; issued 2025-12-01,QA_SOP/SOP INDEX.xlsx
SOP-PR-073-20271208,Production,SOP Review,Review SOP-PR-073 - LDPE Shrink Machine,SOP-PR-073,sop_review,two-yearly,specific_date,2027-12-08,2027-12-18,2025-12-09,,pending,,pending,production@enicarpharma.com,,,,SOP INDEX sheet PRODUCTION; issued 2025-12-09,QA_SOP/SOP INDEX.xlsx
SOP-PR-074-20271217,Production,SOP Review,Review SOP-PR-074 - Vertical Form Fill Seal Machine,SOP-PR-074,sop_review,two-yearly,specific_date,2027-12-17,2027-12-27,2025-12-18,,pending,,pending,production@enicarpharma.com,,,,SOP INDEX sheet PRODUCTION; issued 2025-12-18,QA_SOP/SOP INDEX.xlsx
SOP-PR-093-20280118,Production,SOP Review,Review SOP-PR-093 - Torque test apparatus,SOP-PR-093,sop_review,two-yearly,specific_date,2028-01-18,2028-01-28,2026-01-19,,pending,,pending,production@enicarpharma.com,,,,SOP INDEX sheet PRODUCTION; issued 2026-01-19,QA_SOP/SOP INDEX.xlsx
CAL-PR-001-20280126,Production,SOP Review,Review CAL-PR-001 - Digital Electronic Balance,CAL-PR-001,sop_review,two-yearly,specific_date,2028-01-26,2028-02-05,2026-01-27,,pending,,pending,production@enicarpharma.com,,,,SOP INDEX sheet PRODUCTION; issued 2026-01-27,QA_SOP/SOP INDEX.xlsx
SOP/1-PR-051-20280130,Production,SOP Review,Review SOP/1-PR-051 - Labelling Machine,SOP/1-PR-051,sop_review,two-yearly,specific_date,2028-01-30,2028-02-09,2026-01-31,,pending,,pending,production@enicarpharma.com,,,,SOP INDEX sheet PRODUCTION; issued 2026-01-31,QA_SOP/SOP INDEX.xlsx
CAL/1-PR-013-20280201,Production,SOP Review,Review CAL/1-PR-013 - Weighing Balance,CAL/1-PR-013,sop_review,two-yearly,specific_date,2028-02-01,2028-02-11,2026-02-02,,pending,,pending,production@enicarpharma.com,,,,SOP INDEX sheet PRODUCTION; issued 2026-02-02,QA_SOP/SOP INDEX.xlsx
SOP-PR-107-20280204,Production,SOP Review,"Review SOP-PR-107 - SOP of Operation, Cleaning,Integrity Testing, and Replacement of Vent Filters",SOP-PR-107,sop_review,two-yearly,specific_date,2028-02-04,2028-02-14,2026-02-05,,pending,,pending,production@enicarpharma.com,,,,SOP INDEX sheet PRODUCTION; issued 2026-02-05,QA_SOP/SOP INDEX.xlsx
SOP/1-PR-012-20280204,Production,SOP Review,Review SOP/1-PR-012 - 20 Head Bottle filling & 12 head bottle sealing machine,SOP/1-PR-012,sop_review,two-yearly,specific_date,2028-02-04,2028-02-14,2026-02-05,,pending,,pending,production@enicarpharma.com,,,,SOP INDEX sheet PRODUCTION; issued 2026-02-05,QA_SOP/SOP INDEX.xlsx
SOP-PR-108-20280205,Production,SOP Review,Review SOP-PR-108 - SOP for Sodium Vapour Lamp Usage in Pharmaceutical Area,SOP-PR-108,sop_review,two-yearly,specific_date,2028-02-05,2028-02-15,2026-02-06,,pending,,pending,production@enicarpharma.com,,,,SOP INDEX sheet PRODUCTION; issued 2026-02-06,QA_SOP/SOP INDEX.xlsx
SCP/1-PR-037-20280222,Production,SOP Review,Review SCP/1-PR-037 - Premixing vessel-2 of 5 KL manufacturing tank,SCP/1-PR-037,sop_review,two-yearly,specific_date,2028-02-22,2028-03-03,2026-02-23,,pending,,pending,production@enicarpharma.com,,,,SOP INDEX sheet PRODUCTION; issued 2026-02-23,QA_SOP/SOP INDEX.xlsx
SOP-PR-109-20280226,Production,SOP Review,Review SOP-PR-109 - SOP for Production Planning,SOP-PR-109,sop_review,two-yearly,specific_date,2028-02-26,2028-03-07,2026-02-27,,pending,,pending,production@enicarpharma.com,,,,SOP INDEX sheet PRODUCTION; issued 2026-02-27,QA_SOP/SOP INDEX.xlsx
SOP-PR-027-20280309,Production,SOP Review,Review SOP-PR-027 - Sparkler Filter Press,SOP-PR-027,sop_review,two-yearly,specific_date,2028-03-09,2028-03-19,2026-03-10,,pending,,pending,production@enicarpharma.com,,,,SOP INDEX sheet PRODUCTION; issued 2026-03-10,QA_SOP/SOP INDEX.xlsx
SOP-PR-020-20280310,Production,SOP Review,Review SOP-PR-020 - Sifter,SOP-PR-020,sop_review,two-yearly,specific_date,2028-03-10,2028-03-20,2026-03-11,,pending,,pending,production@enicarpharma.com,,,,SOP INDEX sheet PRODUCTION; issued 2026-03-11,QA_SOP/SOP INDEX.xlsx
SOP-PR-001-20280311,Production,SOP Review,Review SOP-PR-001 - Sucrose Syrup Manufacturing Tank,SOP-PR-001,sop_review,two-yearly,specific_date,2028-03-11,2028-03-21,2026-03-12,,pending,,pending,production@enicarpharma.com,,,,SOP INDEX sheet PRODUCTION; issued 2026-03-12,QA_SOP/SOP INDEX.xlsx
SOP-PR-002-20280311,Production,SOP Review,Review SOP-PR-002 - 3000 Ltr Manufacturing Tank,SOP-PR-002,sop_review,two-yearly,specific_date,2028-03-11,2028-03-21,2026-03-12,,pending,,pending,production@enicarpharma.com,,,,SOP INDEX sheet PRODUCTION; issued 2026-03-12,QA_SOP/SOP INDEX.xlsx
SOP-PR-003-20280311,Production,SOP Review,Review SOP-PR-003 - 1500 Ltr Manufacturing Tank,SOP-PR-003,sop_review,two-yearly,specific_date,2028-03-11,2028-03-21,2026-03-12,,pending,,pending,production@enicarpharma.com,,,,SOP INDEX sheet PRODUCTION; issued 2026-03-12,QA_SOP/SOP INDEX.xlsx
SOP-PR-004-20280312,Production,SOP Review,Review SOP-PR-004 - 3000 Ltr Liquid Storage Tank,SOP-PR-004,sop_review,two-yearly,specific_date,2028-03-12,2028-03-22,2026-03-13,,pending,,pending,production@enicarpharma.com,,,,SOP INDEX sheet PRODUCTION; issued 2026-03-13,QA_SOP/SOP INDEX.xlsx
SOP-PR-005-20280312,Production,SOP Review,Review SOP-PR-005 - 1500 Ltr Liquid Storage Tank,SOP-PR-005,sop_review,two-yearly,specific_date,2028-03-12,2028-03-22,2026-03-13,,pending,,pending,production@enicarpharma.com,,,,SOP INDEX sheet PRODUCTION; issued 2026-03-13,QA_SOP/SOP INDEX.xlsx
SOP-PR-006-20280313,Production,SOP Review,Review SOP-PR-006 - Inline Homogenizer,SOP-PR-006,sop_review,two-yearly,specific_date,2028-03-13,2028-03-23,2026-03-14,,pending,,pending,production@enicarpharma.com,,,,SOP INDEX sheet PRODUCTION; issued 2026-03-14,QA_SOP/SOP INDEX.xlsx
SOP-PR-008-20280315,Production,SOP Review,Review SOP-PR-008 - Rotary Bottle Washing Machine - I,SOP-PR-008,sop_review,two-yearly,specific_date,2028-03-15,2028-03-25,2026-03-16,,pending,,pending,production@enicarpharma.com,,,,SOP INDEX sheet PRODUCTION; issued 2026-03-16,QA_SOP/SOP INDEX.xlsx
SOP-PR-011-20280315,Production,SOP Review,Review SOP-PR-011 - Rotary Bottle Washing Machine,SOP-PR-011,sop_review,two-yearly,specific_date,2028-03-15,2028-03-25,2026-03-16,,pending,,pending,production@enicarpharma.com,,,,SOP INDEX sheet PRODUCTION; issued 2026-03-16,QA_SOP/SOP INDEX.xlsx
SOP-PR-013-20280316,Production,SOP Review,Review SOP-PR-013 - Bottle Labelling Machine – I,SOP-PR-013,sop_review,two-yearly,specific_date,2028-03-16,2028-03-26,2026-03-17,,pending,,pending,production@enicarpharma.com,,,,SOP INDEX sheet PRODUCTION; issued 2026-03-17,QA_SOP/SOP INDEX.xlsx
SOP-PR-014-20280316,Production,SOP Review,Review SOP-PR-014 - Bottle Labelling Machine – II,SOP-PR-014,sop_review,two-yearly,specific_date,2028-03-16,2028-03-26,2026-03-17,,pending,,pending,production@enicarpharma.com,,,,SOP INDEX sheet PRODUCTION; issued 2026-03-17,QA_SOP/SOP INDEX.xlsx
SOP-PR-016-20280316,Production,SOP Review,Review SOP-PR-016 - Conveyor Belt – I,SOP-PR-016,sop_review,two-yearly,specific_date,2028-03-16,2028-03-26,2026-03-17,,pending,,pending,production@enicarpharma.com,,,,SOP INDEX sheet PRODUCTION; issued 2026-03-17,QA_SOP/SOP INDEX.xlsx
SOP-PR-018-20280316,Production,SOP Review,Review SOP-PR-018 - Visual Inspection of Washed Empty Bottle,SOP-PR-018,sop_review,two-yearly,specific_date,2028-03-16,2028-03-26,2026-03-17,,pending,,pending,production@enicarpharma.com,,,,SOP INDEX sheet PRODUCTION; issued 2026-03-17,QA_SOP/SOP INDEX.xlsx
SOP-PR-009-20280317,Production,SOP Review,Review SOP-PR-009 - Mono Block Filling & Sealing Machine,SOP-PR-009,sop_review,two-yearly,specific_date,2028-03-17,2028-03-27,2026-03-18,,pending,,pending,production@enicarpharma.com,,,,SOP INDEX sheet PRODUCTION; issued 2026-03-18,QA_SOP/SOP INDEX.xlsx
SOP-PR-010-20280317,Production,SOP Review,Review SOP-PR-010 - 6-Head ROPP Cap Sealing Machine,SOP-PR-010,sop_review,two-yearly,specific_date,2028-03-17,2028-03-27,2026-03-18,,pending,,pending,production@enicarpharma.com,,,,SOP INDEX sheet PRODUCTION; issued 2026-03-18,QA_SOP/SOP INDEX.xlsx
SOP-PR-021-20280317,Production,SOP Review,Review SOP-PR-021 - Sucrose Syrup Transfer Pump,SOP-PR-021,sop_review,two-yearly,specific_date,2028-03-17,2028-03-27,2026-03-18,,pending,,pending,production@enicarpharma.com,,,,SOP INDEX sheet PRODUCTION; issued 2026-03-18,QA_SOP/SOP INDEX.xlsx
SOP-PR-022-20280317,Production,SOP Review,Review SOP-PR-022 - Colloidal Machine,SOP-PR-022,sop_review,two-yearly,specific_date,2028-03-17,2028-03-27,2026-03-18,,pending,,pending,production@enicarpharma.com,,,,SOP INDEX sheet PRODUCTION; issued 2026-03-18,QA_SOP/SOP INDEX.xlsx
SOP-PR-028-20280317,Production,SOP Review,Review SOP-PR-028 - 650 Ltr Manufacturing Tank,SOP-PR-028,sop_review,two-yearly,specific_date,2028-03-17,2028-03-27,2026-03-18,,pending,,pending,production@enicarpharma.com,,,,SOP INDEX sheet PRODUCTION; issued 2026-03-18,QA_SOP/SOP INDEX.xlsx
SOP-PR-032-20280317,Production,SOP Review,Review SOP-PR-032 - Safety Guidelines for Production Department,SOP-PR-032,sop_review,two-yearly,specific_date,2028-03-17,2028-03-27,2026-03-18,,pending,,pending,production@enicarpharma.com,,,,SOP INDEX sheet PRODUCTION; issued 2026-03-18,QA_SOP/SOP INDEX.xlsx
SOP-PR-034-20280317,Production,SOP Review,Review SOP-PR-034 - Sucrose Syrup Bucket Filter,SOP-PR-034,sop_review,two-yearly,specific_date,2028-03-17,2028-03-27,2026-03-18,,pending,,pending,production@enicarpharma.com,,,,SOP INDEX sheet PRODUCTION; issued 2026-03-18,QA_SOP/SOP INDEX.xlsx
SOP-PR-038-20280317,Production,SOP Review,Review SOP-PR-038 - Changeover In Manufacturing and Packing Area,SOP-PR-038,sop_review,two-yearly,specific_date,2028-03-17,2028-03-27,2026-03-18,,pending,,pending,production@enicarpharma.com,,,,SOP INDEX sheet PRODUCTION; issued 2026-03-18,QA_SOP/SOP INDEX.xlsx
SOP-PR-042-20280317,Production,SOP Review,Review SOP-PR-042 - 1500 Ltr Liquid Storage Tank,SOP-PR-042,sop_review,two-yearly,specific_date,2028-03-17,2028-03-27,2026-03-18,,pending,,pending,production@enicarpharma.com,,,,SOP INDEX sheet PRODUCTION; issued 2026-03-18,QA_SOP/SOP INDEX.xlsx
SOP-PR-044-20280317,Production,SOP Review,Review SOP-PR-044 - Inline Homogenizer,SOP-PR-044,sop_review,two-yearly,specific_date,2028-03-17,2028-03-27,2026-03-18,,pending,,pending,production@enicarpharma.com,,,,SOP INDEX sheet PRODUCTION; issued 2026-03-18,QA_SOP/SOP INDEX.xlsx
SOP-PR-054-20280317,Production,SOP Review,Review SOP-PR-054 - Differential pressure of production department,SOP-PR-054,sop_review,two-yearly,specific_date,2028-03-17,2028-03-27,2026-03-18,,pending,,pending,production@enicarpharma.com,,,,SOP INDEX sheet PRODUCTION; issued 2026-03-18,QA_SOP/SOP INDEX.xlsx
SOP-PR-055-20280317,Production,SOP Review,Review SOP-PR-055 - 150 Ltr S. S. Jacketed Melting vessel,SOP-PR-055,sop_review,two-yearly,specific_date,2028-03-17,2028-03-27,2026-03-18,,pending,,pending,production@enicarpharma.com,,,,SOP INDEX sheet PRODUCTION; issued 2026-03-18,QA_SOP/SOP INDEX.xlsx
SOP-PR-056-20280317,Production,SOP Review,Review SOP-PR-056 - Sachet Filling And Sealing Machine,SOP-PR-056,sop_review,two-yearly,specific_date,2028-03-17,2028-03-27,2026-03-18,,pending,,pending,production@enicarpharma.com,,,,SOP INDEX sheet PRODUCTION; issued 2026-03-18,QA_SOP/SOP INDEX.xlsx
SOP-PR-057-20280317,Production,SOP Review,Review SOP-PR-057 - 200 Ltr Liquid Storage Tank,SOP-PR-057,sop_review,two-yearly,specific_date,2028-03-17,2028-03-27,2026-03-18,,pending,,pending,production@enicarpharma.com,,,,SOP INDEX sheet PRODUCTION; issued 2026-03-18,QA_SOP/SOP INDEX.xlsx
SOP-PR-058-20280317,Production,SOP Review,Review SOP-PR-058 - 250 Ltr manufacturing Tank,SOP-PR-058,sop_review,two-yearly,specific_date,2028-03-17,2028-03-27,2026-03-18,,pending,,pending,production@enicarpharma.com,,,,SOP INDEX sheet PRODUCTION; issued 2026-03-18,QA_SOP/SOP INDEX.xlsx
SOP-PR-023-20280318,Production,SOP Review,Review SOP-PR-023 - Strapping Machine,SOP-PR-023,sop_review,two-yearly,specific_date,2028-03-18,2028-03-28,2026-03-19,,pending,,pending,production@enicarpharma.com,,,,SOP INDEX sheet PRODUCTION; issued 2026-03-19,QA_SOP/SOP INDEX.xlsx
SOP-PR-035-20280318,Production,SOP Review,Review SOP-PR-035 - Automatic Carton Printing Machine,SOP-PR-035,sop_review,two-yearly,specific_date,2028-03-18,2028-03-28,2026-03-19,,pending,,pending,production@enicarpharma.com,,,,SOP INDEX sheet PRODUCTION; issued 2026-03-19,QA_SOP/SOP INDEX.xlsx
SOP-PR-053-20280318,Production,SOP Review,Review SOP-PR-053 - Operation of Scissor Lift,SOP-PR-053,sop_review,two-yearly,specific_date,2028-03-18,2028-03-28,2026-03-19,,pending,,pending,production@enicarpharma.com,,,,SOP INDEX sheet PRODUCTION; issued 2026-03-19,QA_SOP/SOP INDEX.xlsx
CAL-PR-003-20280319,Production,SOP Review,Review CAL-PR-003 - 1500 Ltrs. Manufacturing Tank,CAL-PR-003,sop_review,two-yearly,specific_date,2028-03-19,2028-03-29,2026-03-20,,pending,,pending,production@enicarpharma.com,,,,SOP INDEX sheet PRODUCTION; issued 2026-03-20,QA_SOP/SOP INDEX.xlsx
CAL-PR-004-20280319,Production,SOP Review,Review CAL-PR-004 - 3000 Ltrs. Storage Tank,CAL-PR-004,sop_review,two-yearly,specific_date,2028-03-19,2028-03-29,2026-03-20,,pending,,pending,production@enicarpharma.com,,,,SOP INDEX sheet PRODUCTION; issued 2026-03-20,QA_SOP/SOP INDEX.xlsx
CAL-PR-005-20280319,Production,SOP Review,Review CAL-PR-005 - 1500 Ltrs. Storage Tank,CAL-PR-005,sop_review,two-yearly,specific_date,2028-03-19,2028-03-29,2026-03-20,,pending,,pending,production@enicarpharma.com,,,,SOP INDEX sheet PRODUCTION; issued 2026-03-20,QA_SOP/SOP INDEX.xlsx
SCP-PR-001-20280319,Production,SOP Review,Review SCP-PR-001 - Sucrose Syrup Manufacturing Tank,SCP-PR-001,sop_review,two-yearly,specific_date,2028-03-19,2028-03-29,2026-03-20,,pending,,pending,production@enicarpharma.com,,,,SOP INDEX sheet PRODUCTION; issued 2026-03-20,QA_SOP/SOP INDEX.xlsx
SCP-PR-002-20280319,Production,SOP Review,Review SCP-PR-002 - 3000 Lts Manufacturing Tank,SCP-PR-002,sop_review,two-yearly,specific_date,2028-03-19,2028-03-29,2026-03-20,,pending,,pending,production@enicarpharma.com,,,,SOP INDEX sheet PRODUCTION; issued 2026-03-20,QA_SOP/SOP INDEX.xlsx
SCP-PR-003-20280319,Production,SOP Review,Review SCP-PR-003 - 1500 Lts Manufacturing Tank,SCP-PR-003,sop_review,two-yearly,specific_date,2028-03-19,2028-03-29,2026-03-20,,pending,,pending,production@enicarpharma.com,,,,SOP INDEX sheet PRODUCTION; issued 2026-03-20,QA_SOP/SOP INDEX.xlsx
SCP-PR-014-20280319,Production,SOP Review,Review SCP-PR-014 - Bottle Labeling Machine – II,SCP-PR-014,sop_review,two-yearly,specific_date,2028-03-19,2028-03-29,2026-03-20,,pending,,pending,production@enicarpharma.com,,,,SOP INDEX sheet PRODUCTION; issued 2026-03-20,QA_SOP/SOP INDEX.xlsx
SCP-PR-016-20280319,Production,SOP Review,Review SCP-PR-016 - Conveyor Belt – I,SCP-PR-016,sop_review,two-yearly,specific_date,2028-03-19,2028-03-29,2026-03-20,,pending,,pending,production@enicarpharma.com,,,,SOP INDEX sheet PRODUCTION; issued 2026-03-20,QA_SOP/SOP INDEX.xlsx
SCP-PR-018-20280319,Production,SOP Review,Review SCP-PR-018 - Visual Inspection Belt – I,SCP-PR-018,sop_review,two-yearly,specific_date,2028-03-19,2028-03-29,2026-03-20,,pending,,pending,production@enicarpharma.com,,,,SOP INDEX sheet PRODUCTION; issued 2026-03-20,QA_SOP/SOP INDEX.xlsx
SCP-PR-022-20280319,Production,SOP Review,Review SCP-PR-022 - Colloidal Machine,SCP-PR-022,sop_review,two-yearly,specific_date,2028-03-19,2028-03-29,2026-03-20,,pending,,pending,production@enicarpharma.com,,,,SOP INDEX sheet PRODUCTION; issued 2026-03-20,QA_SOP/SOP INDEX.xlsx
SCP-PR-025-20280319,Production,SOP Review,Review SCP-PR-025 - Dismantle Parts and Accessories,SCP-PR-025,sop_review,two-yearly,specific_date,2028-03-19,2028-03-29,2026-03-20,,pending,,pending,production@enicarpharma.com,,,,SOP INDEX sheet PRODUCTION; issued 2026-03-20,QA_SOP/SOP INDEX.xlsx
SCP-PR-032-20280319,Production,SOP Review,Review SCP-PR-032 - 150 Ltr. S.S. Jacketed Melting Vessel,SCP-PR-032,sop_review,two-yearly,specific_date,2028-03-19,2028-03-29,2026-03-20,,pending,,pending,production@enicarpharma.com,,,,SOP INDEX sheet PRODUCTION; issued 2026-03-20,QA_SOP/SOP INDEX.xlsx
SCP-PR-034-20280319,Production,SOP Review,Review SCP-PR-034 - 650 Ltr. S.S. Tank,SCP-PR-034,sop_review,two-yearly,specific_date,2028-03-19,2028-03-29,2026-03-20,,pending,,pending,production@enicarpharma.com,,,,SOP INDEX sheet PRODUCTION; issued 2026-03-20,QA_SOP/SOP INDEX.xlsx
SCP-PR-047-20280319,Production,SOP Review,Review SCP-PR-047 - 200 Ltr Storage Tank,SCP-PR-047,sop_review,two-yearly,specific_date,2028-03-19,2028-03-29,2026-03-20,,pending,,pending,production@enicarpharma.com,,,,SOP INDEX sheet PRODUCTION; issued 2026-03-20,QA_SOP/SOP INDEX.xlsx
SOP-PR-030-20280319,Production,SOP Review,Review SOP-PR-030 - Transfer of Dispensed Material from Hold Room To Manufacturing Area,SOP-PR-030,sop_review,two-yearly,specific_date,2028-03-19,2028-03-29,2026-03-20,,pending,,pending,production@enicarpharma.com,,,,SOP INDEX sheet PRODUCTION; issued 2026-03-20,QA_SOP/SOP INDEX.xlsx
SOP-PR-039-20280319,Production,SOP Review,Review SOP-PR-039 - Sanitation of Purified water Storage Tank & S. S. Pipelines,SOP-PR-039,sop_review,two-yearly,specific_date,2028-03-19,2028-03-29,2026-03-20,,pending,,pending,production@enicarpharma.com,,,,SOP INDEX sheet PRODUCTION; issued 2026-03-20,QA_SOP/SOP INDEX.xlsx
SOP-PR-046-20280319,Production,SOP Review,Review SOP-PR-046 - Automatic Label Printing Machine,SOP-PR-046,sop_review,two-yearly,specific_date,2028-03-19,2028-03-29,2026-03-20,,pending,,pending,production@enicarpharma.com,,,,SOP INDEX sheet PRODUCTION; issued 2026-03-20,QA_SOP/SOP INDEX.xlsx
SOP-PR-047-20280319,Production,SOP Review,Review SOP-PR-047 - Decartoning of Bottle,SOP-PR-047,sop_review,two-yearly,specific_date,2028-03-19,2028-03-29,2026-03-20,,pending,,pending,production@enicarpharma.com,,,,SOP INDEX sheet PRODUCTION; issued 2026-03-20,QA_SOP/SOP INDEX.xlsx
SOP-PR-049-20280319,Production,SOP Review,Review SOP-PR-049 - Self Adhesive Labelling Machine (Flat Bottle),SOP-PR-049,sop_review,two-yearly,specific_date,2028-03-19,2028-03-29,2026-03-20,,pending,,pending,production@enicarpharma.com,,,,SOP INDEX sheet PRODUCTION; issued 2026-03-20,QA_SOP/SOP INDEX.xlsx
SOP-PR-075-20280319,Production,SOP Review,Review SOP-PR-075 - 1000 KG Ointment Manufacturing Plant,SOP-PR-075,sop_review,two-yearly,specific_date,2028-03-19,2028-03-29,2026-03-20,,pending,,pending,production@enicarpharma.com,,,,SOP INDEX sheet PRODUCTION; issued 2026-03-20,QA_SOP/SOP INDEX.xlsx
SOP-PR-076-20280319,Production,SOP Review,"Review SOP-PR-076 - Tube Filling, Sealing",SOP-PR-076,sop_review,two-yearly,specific_date,2028-03-19,2028-03-29,2026-03-20,,pending,,pending,production@enicarpharma.com,,,,SOP INDEX sheet PRODUCTION; issued 2026-03-20,QA_SOP/SOP INDEX.xlsx
CAL-PR-002-20280320,Production,SOP Review,Review CAL-PR-002 - 3000 Ltrs. Manufacturing Tank,CAL-PR-002,sop_review,two-yearly,specific_date,2028-03-20,2028-03-30,2026-03-21,,pending,,pending,production@enicarpharma.com,,,,SOP INDEX sheet PRODUCTION; issued 2026-03-21,QA_SOP/SOP INDEX.xlsx
CAL-PR-006-20280320,Production,SOP Review,Review CAL-PR-006 - 2000 Ltrs. Sucrose Syrup Manufacturing Tank,CAL-PR-006,sop_review,two-yearly,specific_date,2028-03-20,2028-03-30,2026-03-21,,pending,,pending,production@enicarpharma.com,,,,SOP INDEX sheet PRODUCTION; issued 2026-03-21,QA_SOP/SOP INDEX.xlsx
CAL-PR-007-20280320,Production,SOP Review,Review CAL-PR-007 - Digital pH Meter,CAL-PR-007,sop_review,two-yearly,specific_date,2028-03-20,2028-03-30,2026-03-21,,pending,,pending,production@enicarpharma.com,,,,SOP INDEX sheet PRODUCTION; issued 2026-03-21,QA_SOP/SOP INDEX.xlsx
CAL-PR-008-20280320,Production,SOP Review,Review CAL-PR-008 - 650 Ltrs. Manufacturing Tank,CAL-PR-008,sop_review,two-yearly,specific_date,2028-03-20,2028-03-30,2026-03-21,,pending,,pending,production@enicarpharma.com,,,,SOP INDEX sheet PRODUCTION; issued 2026-03-21,QA_SOP/SOP INDEX.xlsx
CAL-PR-010-20280320,Production,SOP Review,Review CAL-PR-010 - 250 Ltrs. Manufacturing Tank,CAL-PR-010,sop_review,two-yearly,specific_date,2028-03-20,2028-03-30,2026-03-21,,pending,,pending,production@enicarpharma.com,,,,SOP INDEX sheet PRODUCTION; issued 2026-03-21,QA_SOP/SOP INDEX.xlsx
SCP-PR-004-20280320,Production,SOP Review,Review SCP-PR-004 - 3000 Lts Storage Tank,SCP-PR-004,sop_review,two-yearly,specific_date,2028-03-20,2028-03-30,2026-03-21,,pending,,pending,production@enicarpharma.com,,,,SOP INDEX sheet PRODUCTION; issued 2026-03-21,QA_SOP/SOP INDEX.xlsx
SCP-PR-006-20280320,Production,SOP Review,Review SCP-PR-006 - Inline Homogenizer,SCP-PR-006,sop_review,two-yearly,specific_date,2028-03-20,2028-03-30,2026-03-21,,pending,,pending,production@enicarpharma.com,,,,SOP INDEX sheet PRODUCTION; issued 2026-03-21,QA_SOP/SOP INDEX.xlsx
SCP-PR-008-20280320,Production,SOP Review,Review SCP-PR-008 - Rotary Bottle Washing Machine,SCP-PR-008,sop_review,two-yearly,specific_date,2028-03-20,2028-03-30,2026-03-21,,pending,,pending,production@enicarpharma.com,,,,SOP INDEX sheet PRODUCTION; issued 2026-03-21,QA_SOP/SOP INDEX.xlsx
SCP-PR-011-20280320,Production,SOP Review,Review SCP-PR-011 - Rotary Bottle Washing Machine,SCP-PR-011,sop_review,two-yearly,specific_date,2028-03-20,2028-03-30,2026-03-21,,pending,,pending,production@enicarpharma.com,,,,SOP INDEX sheet PRODUCTION; issued 2026-03-21,QA_SOP/SOP INDEX.xlsx
SCP-PR-013-20280320,Production,SOP Review,Review SCP-PR-013 - Bottle Labeling Machine – I,SCP-PR-013,sop_review,two-yearly,specific_date,2028-03-20,2028-03-30,2026-03-21,,pending,,pending,production@enicarpharma.com,,,,SOP INDEX sheet PRODUCTION; issued 2026-03-21,QA_SOP/SOP INDEX.xlsx
SCP-PR-023-20280320,Production,SOP Review,Review SCP-PR-023 - Strapping Machine,SCP-PR-023,sop_review,two-yearly,specific_date,2028-03-20,2028-03-30,2026-03-21,,pending,,pending,production@enicarpharma.com,,,,SOP INDEX sheet PRODUCTION; issued 2026-03-21,QA_SOP/SOP INDEX.xlsx
SCP-PR-027-20280320,Production,SOP Review,Review SCP-PR-027 - Mfg./Sucrose Syrup Mfg Area / Storage Area / Filling Area,SCP-PR-027,sop_review,two-yearly,specific_date,2028-03-20,2028-03-30,2026-03-21,,pending,,pending,production@enicarpharma.com,,,,SOP INDEX sheet PRODUCTION; issued 2026-03-21,QA_SOP/SOP INDEX.xlsx
SCP-PR-028-20280320,Production,SOP Review,Review SCP-PR-028 - Inline Homogenizer-2,SCP-PR-028,sop_review,two-yearly,specific_date,2028-03-20,2028-03-30,2026-03-21,,pending,,pending,production@enicarpharma.com,,,,SOP INDEX sheet PRODUCTION; issued 2026-03-21,QA_SOP/SOP INDEX.xlsx
SCP-PR-029-20280320,Production,SOP Review,Review SCP-PR-029 - Sucrose Syrup Transfer Pipeline,SCP-PR-029,sop_review,two-yearly,specific_date,2028-03-20,2028-03-30,2026-03-21,,pending,,pending,production@enicarpharma.com,,,,SOP INDEX sheet PRODUCTION; issued 2026-03-21,QA_SOP/SOP INDEX.xlsx
SCP-PR-044-20280320,Production,SOP Review,Review SCP-PR-044 - 1500 Ltr Storage Tank,SCP-PR-044,sop_review,two-yearly,specific_date,2028-03-20,2028-03-30,2026-03-21,,pending,,pending,production@enicarpharma.com,,,,SOP INDEX sheet PRODUCTION; issued 2026-03-21,QA_SOP/SOP INDEX.xlsx
SCP-PR-064-20280320,Production,SOP Review,Review SCP-PR-064 - Dynamic Pass Box,SCP-PR-064,sop_review,two-yearly,specific_date,2028-03-20,2028-03-30,2026-03-21,,pending,,pending,production@enicarpharma.com,,,,SOP INDEX sheet PRODUCTION; issued 2026-03-21,QA_SOP/SOP INDEX.xlsx
SCP/1-PR-007-20280320,Production,SOP Review,Review SCP/1-PR-007 - Sucrose transfer system,SCP/1-PR-007,sop_review,two-yearly,specific_date,2028-03-20,2028-03-30,2026-03-21,,pending,,pending,production@enicarpharma.com,,,,SOP INDEX sheet PRODUCTION; issued 2026-03-21,QA_SOP/SOP INDEX.xlsx
SOP-PR-077-20280320,Production,SOP Review,Review SOP-PR-077 - Cartoning Machine,SOP-PR-077,sop_review,two-yearly,specific_date,2028-03-20,2028-03-30,2026-03-21,,pending,,pending,production@enicarpharma.com,,,,SOP INDEX sheet PRODUCTION; issued 2026-03-21,QA_SOP/SOP INDEX.xlsx
CAL-PR-009-20280322,Production,SOP Review,Review CAL-PR-009 - 150 Ltrs. Jacketed Melting Tank,CAL-PR-009,sop_review,two-yearly,specific_date,2028-03-22,2028-04-01,2026-03-23,,pending,,pending,production@enicarpharma.com,,,,SOP INDEX sheet PRODUCTION; issued 2026-03-23,QA_SOP/SOP INDEX.xlsx
SCP-PR-009-20280322,Production,SOP Review,Review SCP-PR-009 - Mono-block Filling & Sealing Machine,SCP-PR-009,sop_review,two-yearly,specific_date,2028-03-22,2028-04-01,2026-03-23,,pending,,pending,production@enicarpharma.com,,,,SOP INDEX sheet PRODUCTION; issued 2026-03-23,QA_SOP/SOP INDEX.xlsx
SCP-PR-012-20280322,Production,SOP Review,Review SCP-PR-012 - 6 Head Volumetric Bottle Filling Machine,SCP-PR-012,sop_review,two-yearly,specific_date,2028-03-22,2028-04-01,2026-03-23,,pending,,pending,production@enicarpharma.com,,,,SOP INDEX sheet PRODUCTION; issued 2026-03-23,QA_SOP/SOP INDEX.xlsx
SCP-PR-010-20280323,Production,SOP Review,Review SCP-PR-010 - 6 Head ROPP Cap Sealing Machine,SCP-PR-010,sop_review,two-yearly,specific_date,2028-03-23,2028-04-02,2026-03-24,,pending,,pending,production@enicarpharma.com,,,,SOP INDEX sheet PRODUCTION; issued 2026-03-24,QA_SOP/SOP INDEX.xlsx
SOP-PR-110-20280507,Production,SOP Review,Review SOP-PR-110 - Vertical and Horizontal Form Fill Seal Machine,SOP-PR-110,sop_review,two-yearly,specific_date,2028-05-07,2028-05-17,2026-05-08,,pending,,pending,production@enicarpharma.com,,,,SOP INDEX sheet PRODUCTION; issued 2026-05-08,QA_SOP/SOP INDEX.xlsx
SOP-PR-111-20280510,Production,SOP Review,Review SOP-PR-111 - Auto-Cartoning Machine,SOP-PR-111,sop_review,two-yearly,specific_date,2028-05-10,2028-05-20,2026-05-11,,pending,,pending,production@enicarpharma.com,,,,SOP INDEX sheet PRODUCTION; issued 2026-05-11,QA_SOP/SOP INDEX.xlsx
SOP/1-PR-007-20280511,Production,SOP Review,Review SOP/1-PR-007 - Sucrose Transfer System,SOP/1-PR-007,sop_review,two-yearly,specific_date,2028-05-11,2028-05-21,2026-05-12,,pending,,pending,production@enicarpharma.com,,,,SOP INDEX sheet PRODUCTION; issued 2026-05-12,QA_SOP/SOP INDEX.xlsx
SOP-PR-037-20290804,Production,SOP Review,Review SOP-PR-037 - Leak Test Apparatus,SOP-PR-037,sop_review,three-yearly,specific_date,2029-08-04,2029-08-14,2026-08-05,,pending,,pending,production@enicarpharma.com,,,,SOP INDEX sheet PRODUCTION; issued 2026-08-05,QA_SOP/SOP INDEX.xlsx
SOP-QA-064-20260922,QA,SOP Review,Review SOP-QA-064 - Reporting And processing adverse events In post-marketing surveillance,SOP-QA-064,sop_review,two-yearly,specific_date,2026-09-22,2026-10-02,2024-09-23,,pending,,pending,qa@enicarpharma.com,,,,SOP INDEX sheet QA; issued 2024-09-23,QA_SOP/SOP INDEX.xlsx
SOP-QA-059-20261027,QA,SOP Review,Review SOP-QA-059 - Equipment Qualification,SOP-QA-059,sop_review,two-yearly,specific_date,2026-10-27,2026-11-06,2024-10-28,,pending,,pending,qa@enicarpharma.com,,,,SOP INDEX sheet QA; issued 2024-10-28,QA_SOP/SOP INDEX.xlsx
SOP-QA-048-20261128,QA,SOP Review,Review SOP-QA-048 - Process Validation,SOP-QA-048,sop_review,two-yearly,specific_date,2026-11-28,2026-12-08,2024-11-29,,pending,,pending,qa@enicarpharma.com,,,,SOP INDEX sheet QA; issued 2024-11-29,QA_SOP/SOP INDEX.xlsx
SOP-QA-046-20261129,QA,SOP Review,Review SOP-QA-046 - Validation Master Plan,SOP-QA-046,sop_review,two-yearly,specific_date,2026-11-29,2026-12-09,2024-11-30,,pending,,pending,qa@enicarpharma.com,,,,SOP INDEX sheet QA; issued 2024-11-30,QA_SOP/SOP INDEX.xlsx
SOP-QA-056-20261215,QA,SOP Review,Review SOP-QA-056 - Handling of online rejection,SOP-QA-056,sop_review,two-yearly,specific_date,2026-12-15,2026-12-25,2024-12-16,,pending,,pending,qa@enicarpharma.com,,,,SOP INDEX sheet QA; issued 2024-12-16,QA_SOP/SOP INDEX.xlsx
SOP-QA-049-20270321,QA,SOP Review,Review SOP-QA-049 - Out of Trend Analysis (OOT),SOP-QA-049,sop_review,two-yearly,specific_date,2027-03-21,2027-03-31,2025-03-22,,pending,,pending,qa@enicarpharma.com,,,,SOP INDEX sheet QA; issued 2025-03-22,QA_SOP/SOP INDEX.xlsx
SOP-QA-028-20270325,QA,SOP Review,Review SOP-QA-028 - Self-Inspection,SOP-QA-028,sop_review,two-yearly,specific_date,2027-03-25,2027-04-04,2025-03-26,,pending,,pending,qa@enicarpharma.com,,,,SOP INDEX sheet QA; issued 2025-03-26,QA_SOP/SOP INDEX.xlsx
SOP-QA-065-20270409,QA,SOP Review,Review SOP-QA-065 - Technology transfer of Oral liquids and External Preparations,SOP-QA-065,sop_review,two-yearly,specific_date,2027-04-09,2027-04-19,2025-04-10,,pending,,pending,qa@enicarpharma.com,,,,SOP INDEX sheet QA; issued 2025-04-10,QA_SOP/SOP INDEX.xlsx
SOP-QA-011-20270411,QA,SOP Review,Review SOP-QA-011 - Cleaning Validation,SOP-QA-011,sop_review,two-yearly,specific_date,2027-04-11,2027-04-21,2025-04-12,,pending,,pending,qa@enicarpharma.com,,,,SOP INDEX sheet QA; issued 2025-04-12,QA_SOP/SOP INDEX.xlsx
SOP-QA-029-20270417,QA,SOP Review,Review SOP-QA-029 - Stability Program,SOP-QA-029,sop_review,two-yearly,specific_date,2027-04-17,2027-04-27,2025-04-18,,pending,,pending,qa@enicarpharma.com,,,,SOP INDEX sheet QA; issued 2025-04-18,QA_SOP/SOP INDEX.xlsx
SOP-QA-009-20270421,QA,SOP Review,Review SOP-QA-009 - Batch Numbering Pattern,SOP-QA-009,sop_review,two-yearly,specific_date,2027-04-21,2027-05-01,2025-04-22,,pending,,pending,qa@enicarpharma.com,,,,SOP INDEX sheet QA; issued 2025-04-22,QA_SOP/SOP INDEX.xlsx
SOP-QA-062-20270423,QA,SOP Review,Review SOP-QA-062 - Checking for Updation in Guidelines & Pharmacopoeias,SOP-QA-062,sop_review,two-yearly,specific_date,2027-04-23,2027-05-03,2025-04-24,,pending,,pending,qa@enicarpharma.com,,,,SOP INDEX sheet QA; issued 2025-04-24,QA_SOP/SOP INDEX.xlsx
SOP-QA-066-20270509,QA,SOP Review,Review SOP-QA-066 - Handling of External Audits at the Site,SOP-QA-066,sop_review,two-yearly,specific_date,2027-05-09,2027-05-19,2025-05-10,,pending,,pending,qa@enicarpharma.com,,,,SOP INDEX sheet QA; issued 2025-05-10,QA_SOP/SOP INDEX.xlsx
SOP-QA-067-20270513,QA,SOP Review,Review SOP-QA-067 - Password Policy for Digital System,SOP-QA-067,sop_review,two-yearly,specific_date,2027-05-13,2027-05-23,2025-05-14,,pending,,pending,qa@enicarpharma.com,,,,SOP INDEX sheet QA; issued 2025-05-14,QA_SOP/SOP INDEX.xlsx
SOP-QA-068-20270513,QA,SOP Review,Review SOP-QA-068 - Quantum ERP System Usage,SOP-QA-068,sop_review,two-yearly,specific_date,2027-05-13,2027-05-23,2025-05-14,,pending,,pending,qa@enicarpharma.com,,,,SOP INDEX sheet QA; issued 2025-05-14,QA_SOP/SOP INDEX.xlsx
SOP-QA-032-20270521,QA,SOP Review,Review SOP-QA-032 - Vendor Approval,SOP-QA-032,sop_review,two-yearly,specific_date,2027-05-21,2027-05-31,2025-05-22,,pending,,pending,qa@enicarpharma.com,,,,SOP INDEX sheet QA; issued 2025-05-22,QA_SOP/SOP INDEX.xlsx
SOP-QA-069-20270521,QA,SOP Review,Review SOP-QA-069 - Transportation Validation,SOP-QA-069,sop_review,two-yearly,specific_date,2027-05-21,2027-05-31,2025-05-22,,pending,,pending,qa@enicarpharma.com,,,,SOP INDEX sheet QA; issued 2025-05-22,QA_SOP/SOP INDEX.xlsx
SOP-QA-060-20270523,QA,SOP Review,"Review SOP-QA-060 - Entry & Exit Procedure to Quality Assurance, Quality Control and Micro Department",SOP-QA-060,sop_review,two-yearly,specific_date,2027-05-23,2027-06-02,2025-05-24,,pending,,pending,qa@enicarpharma.com,,,,SOP INDEX sheet QA; issued 2025-05-24,QA_SOP/SOP INDEX.xlsx
SOP-QA-070-20270523,QA,SOP Review,Review SOP-QA-070 - Entry& Exit of Personnel (Employees & Visitor) at main Gate & Access to General Area / Change rooms,SOP-QA-070,sop_review,two-yearly,specific_date,2027-05-23,2027-06-02,2025-05-24,,pending,,pending,qa@enicarpharma.com,,,,SOP INDEX sheet QA; issued 2025-05-24,QA_SOP/SOP INDEX.xlsx
SOP-QA-051-20270813,QA,SOP Review,Review SOP-QA-051 - Good Documentation Practices And Rectification of Documentation Errors (Data Integrity Principles),SOP-QA-051,sop_review,two-yearly,specific_date,2027-08-13,2027-08-23,2025-08-14,,pending,,pending,qa@enicarpharma.com,,,,SOP INDEX sheet QA; issued 2025-08-14,QA_SOP/SOP INDEX.xlsx
SOP-QA-071-20270824,QA,SOP Review,"Review SOP-QA-071 - Product Identification, Traceability and Accountability",SOP-QA-071,sop_review,two-yearly,specific_date,2027-08-24,2027-09-03,2025-08-25,,pending,,pending,qa@enicarpharma.com,,,,SOP INDEX sheet QA; issued 2025-08-25,QA_SOP/SOP INDEX.xlsx
SOP-QA-052-20270831,QA,SOP Review,Review SOP-QA-052 - Preparation of Job Description of Employees,SOP-QA-052,sop_review,two-yearly,specific_date,2027-08-31,2027-09-10,2025-09-01,,pending,,pending,qa@enicarpharma.com,,,,SOP INDEX sheet QA; issued 2025-09-01,QA_SOP/SOP INDEX.xlsx
SOP-QA-015-20270929,QA,SOP Review,"Review SOP-QA-015 - Preparation, Revision, Control, Issuance and Retrieval of BMR / BPR",SOP-QA-015,sop_review,two-yearly,specific_date,2027-09-29,2027-10-09,2025-09-30,,pending,,pending,qa@enicarpharma.com,,,,SOP INDEX sheet QA; issued 2025-09-30,QA_SOP/SOP INDEX.xlsx
SOP-QA-072-20270929,QA,SOP Review,"Review SOP-QA-072 - Preparation, Revision, Control of Master Formula Record",SOP-QA-072,sop_review,two-yearly,specific_date,2027-09-29,2027-10-09,2025-09-30,,pending,,pending,qa@enicarpharma.com,,,,SOP INDEX sheet QA; issued 2025-09-30,QA_SOP/SOP INDEX.xlsx
SOP-QA-022-20271012,QA,SOP Review,Review SOP-QA-022 - Document Control,SOP-QA-022,sop_review,two-yearly,specific_date,2027-10-12,2027-10-22,2025-10-13,,pending,,pending,qa@enicarpharma.com,,,,SOP INDEX sheet QA; issued 2025-10-13,QA_SOP/SOP INDEX.xlsx
SOP-QA-047-20271012,QA,SOP Review,Review SOP-QA-047 - Site Master File,SOP-QA-047,sop_review,two-yearly,specific_date,2027-10-12,2027-10-22,2025-10-13,,pending,,pending,qa@enicarpharma.com,,,,SOP INDEX sheet QA; issued 2025-10-13,QA_SOP/SOP INDEX.xlsx
SOP-QA-054-20271113,QA,SOP Review,Review SOP-QA-054 - Corrective and preventive actions (CAPA),SOP-QA-054,sop_review,two-yearly,specific_date,2027-11-13,2027-11-23,2025-11-14,,pending,,pending,qa@enicarpharma.com,,,,SOP INDEX sheet QA; issued 2025-11-14,QA_SOP/SOP INDEX.xlsx
SOP-QA-030-20271224,QA,SOP Review,Review SOP-QA-030 - Annual Product Quality Review,SOP-QA-030,sop_review,two-yearly,specific_date,2027-12-24,2028-01-03,2025-12-25,,pending,,pending,qa@enicarpharma.com,,,,SOP INDEX sheet QA; issued 2025-12-25,QA_SOP/SOP INDEX.xlsx
SOP-QA-074-20271226,QA,SOP Review,Review SOP-QA-074 - Quality Manual,SOP-QA-074,sop_review,two-yearly,specific_date,2027-12-26,2028-01-05,2025-12-27,,pending,,pending,qa@enicarpharma.com,,,,SOP INDEX sheet QA; issued 2025-12-27,QA_SOP/SOP INDEX.xlsx
SOP-QA-021-20271228,QA,SOP Review,Review SOP-QA-021 - Procedure for Change Control,SOP-QA-021,sop_review,two-yearly,specific_date,2027-12-28,2028-01-07,2025-12-29,,pending,,pending,qa@enicarpharma.com,,,,SOP INDEX sheet QA; issued 2025-12-29,QA_SOP/SOP INDEX.xlsx
SOP-QA-026-20271228,QA,SOP Review,Review SOP-QA-026 - in-process check,SOP-QA-026,sop_review,two-yearly,specific_date,2027-12-28,2028-01-07,2025-12-29,,pending,,pending,qa@enicarpharma.com,,,,SOP INDEX sheet QA; issued 2025-12-29,QA_SOP/SOP INDEX.xlsx
SOP-QA-073-20271228,QA,SOP Review,"Review SOP-QA-073 - Drafting, Approval and Management of Quality Technical Agreements (QTAs)",SOP-QA-073,sop_review,two-yearly,specific_date,2027-12-28,2028-01-07,2025-12-29,,pending,,pending,qa@enicarpharma.com,,,,SOP INDEX sheet QA; issued 2025-12-29,QA_SOP/SOP INDEX.xlsx
SOP-QA-033-20280127,QA,SOP Review,Review SOP-QA-033 - Out of Specification (OOS),SOP-QA-033,sop_review,two-yearly,specific_date,2028-01-27,2028-02-06,2026-01-28,,pending,,pending,qa@enicarpharma.com,,,,SOP INDEX sheet QA; issued 2026-01-28,QA_SOP/SOP INDEX.xlsx
SOP-QA-061-20280201,QA,SOP Review,Review SOP-QA-061 - Temperature Mapping,SOP-QA-061,sop_review,two-yearly,specific_date,2028-02-01,2028-02-11,2026-02-02,,pending,,pending,qa@enicarpharma.com,,,,SOP INDEX sheet QA; issued 2026-02-02,QA_SOP/SOP INDEX.xlsx
SOP-QA-007-20280203,QA,SOP Review,Review SOP-QA-007 - Training and Development,SOP-QA-007,sop_review,two-yearly,specific_date,2028-02-03,2028-02-13,2026-02-04,,pending,,pending,qa@enicarpharma.com,,,,SOP INDEX sheet QA; issued 2026-02-04,QA_SOP/SOP INDEX.xlsx
SOP-QA-075-20280204,QA,SOP Review,Review SOP-QA-075 - Room Data Sheet,SOP-QA-075,sop_review,two-yearly,specific_date,2028-02-04,2028-02-14,2026-02-05,,pending,,pending,qa@enicarpharma.com,,,,SOP INDEX sheet QA; issued 2026-02-05,QA_SOP/SOP INDEX.xlsx
SOP-QA-076-20280211,QA,SOP Review,Review SOP-QA-076 - Handling of Steroid Material,SOP-QA-076,sop_review,two-yearly,specific_date,2028-02-11,2028-02-21,2026-02-12,,pending,,pending,qa@enicarpharma.com,,,,SOP INDEX sheet QA; issued 2026-02-12,QA_SOP/SOP INDEX.xlsx
SOP-QA-006-20280315,QA,SOP Review,Review SOP-QA-006 - Assigning of Manufacturing Date,SOP-QA-006,sop_review,two-yearly,specific_date,2028-03-15,2028-03-25,2026-03-16,,pending,,pending,qa@enicarpharma.com,,,,SOP INDEX sheet QA; issued 2026-03-16,QA_SOP/SOP INDEX.xlsx
SOP-QA-041-20280315,QA,SOP Review,Review SOP-QA-041 - Analytical Method Transfer,SOP-QA-041,sop_review,two-yearly,specific_date,2028-03-15,2028-03-25,2026-03-16,,pending,,pending,qa@enicarpharma.com,,,,SOP INDEX sheet QA; issued 2026-03-16,QA_SOP/SOP INDEX.xlsx
SOP-QA-018-20280317,QA,SOP Review,Review SOP-QA-018 - S.O.P. for Handling of Non-Conformance,SOP-QA-018,sop_review,two-yearly,specific_date,2028-03-17,2028-03-27,2026-03-18,,pending,,pending,qa@enicarpharma.com,,,,SOP INDEX sheet QA; issued 2026-03-18,QA_SOP/SOP INDEX.xlsx
SOP-QA-035-20280317,QA,SOP Review,Review SOP-QA-035 - Correction of wrong entry in BMR /BPR,SOP-QA-035,sop_review,two-yearly,specific_date,2028-03-17,2028-03-27,2026-03-18,,pending,,pending,qa@enicarpharma.com,,,,SOP INDEX sheet QA; issued 2026-03-18,QA_SOP/SOP INDEX.xlsx
SOP-QA-043-20280317,QA,SOP Review,"Review SOP-QA-043 - Stereo Ordering, Issue, Receipt & Destruction of Rubber Stereos",SOP-QA-043,sop_review,two-yearly,specific_date,2028-03-17,2028-03-27,2026-03-18,,pending,,pending,qa@enicarpharma.com,,,,SOP INDEX sheet QA; issued 2026-03-18,QA_SOP/SOP INDEX.xlsx
SOP-QA-042-20280318,QA,SOP Review,Review SOP-QA-042 - Artwork Checking,SOP-QA-042,sop_review,two-yearly,specific_date,2028-03-18,2028-03-28,2026-03-19,,pending,,pending,qa@enicarpharma.com,,,,SOP INDEX sheet QA; issued 2026-03-19,QA_SOP/SOP INDEX.xlsx
SOP-QA-050-20280318,QA,SOP Review,Review SOP-QA-050 - Pharmcovigilance Study,SOP-QA-050,sop_review,two-yearly,specific_date,2028-03-18,2028-03-28,2026-03-19,,pending,,pending,qa@enicarpharma.com,,,,SOP INDEX sheet QA; issued 2026-03-19,QA_SOP/SOP INDEX.xlsx
SOP-QA-020-20280319,QA,SOP Review,Review SOP-QA-020 - Preparation of Calibration Program,SOP-QA-020,sop_review,two-yearly,specific_date,2028-03-19,2028-03-29,2026-03-20,,pending,,pending,qa@enicarpharma.com,,,,SOP INDEX sheet QA; issued 2026-03-20,QA_SOP/SOP INDEX.xlsx
SOP-QA-024-20280322,QA,SOP Review,Review SOP-QA-024 - Line Clearance,SOP-QA-024,sop_review,two-yearly,specific_date,2028-03-22,2028-04-01,2026-03-23,,pending,,pending,qa@enicarpharma.com,,,,SOP INDEX sheet QA; issued 2026-03-23,QA_SOP/SOP INDEX.xlsx
SOP-QA-063-20280327,QA,SOP Review,Review SOP-QA-063 - Recovery and reprocessing,SOP-QA-063,sop_review,two-yearly,specific_date,2028-03-27,2028-04-06,2026-03-28,,pending,,pending,qa@enicarpharma.com,,,,SOP INDEX sheet QA; issued 2026-03-28,QA_SOP/SOP INDEX.xlsx
SOP-QA-040-20280503,QA,SOP Review,Review SOP-QA-040 - Analytical Method Validation,SOP-QA-040,sop_review,two-yearly,specific_date,2028-05-03,2028-05-13,2026-05-04,,pending,,pending,qa@enicarpharma.com,,,,SOP INDEX sheet QA; issued 2026-05-04,QA_SOP/SOP INDEX.xlsx
SOP-QA-044-20280515,QA,SOP Review,Review SOP-QA-044 - Quality Risk Management,SOP-QA-044,sop_review,two-yearly,specific_date,2028-05-15,2028-05-25,2026-05-16,,pending,,pending,qa@enicarpharma.com,,,,SOP INDEX sheet QA; issued 2026-05-16,QA_SOP/SOP INDEX.xlsx
SOP-QA-058-20280515,QA,SOP Review,Review SOP-QA-058 - Management Review,SOP-QA-058,sop_review,two-yearly,specific_date,2028-05-15,2028-05-25,2026-05-16,,pending,,pending,qa@enicarpharma.com,,,,SOP INDEX sheet QA; issued 2026-05-16,QA_SOP/SOP INDEX.xlsx
SOP-QA-003-20280517,QA,SOP Review,Review SOP-QA-003 - Product Recall,SOP-QA-003,sop_review,two-yearly,specific_date,2028-05-17,2028-05-27,2026-05-18,,pending,,pending,qa@enicarpharma.com,,,,SOP INDEX sheet QA; issued 2026-05-18,QA_SOP/SOP INDEX.xlsx
SOP-QA-005-20280517,QA,SOP Review,Review SOP-QA-005 - Approval and Release of Batch (Bulk/Finished Product),SOP-QA-005,sop_review,two-yearly,specific_date,2028-05-17,2028-05-27,2026-05-18,,pending,,pending,qa@enicarpharma.com,,,,SOP INDEX sheet QA; issued 2026-05-18,QA_SOP/SOP INDEX.xlsx
SOP-QA-010-20280517,QA,SOP Review,Review SOP-QA-010 - Deviation Procedure,SOP-QA-010,sop_review,two-yearly,specific_date,2028-05-17,2028-05-27,2026-05-18,,pending,,pending,qa@enicarpharma.com,,,,SOP INDEX sheet QA; issued 2026-05-18,QA_SOP/SOP INDEX.xlsx
SOP-QA-055-20280517,QA,SOP Review,Review SOP-QA-055 - Root cause analysis,SOP-QA-055,sop_review,two-yearly,specific_date,2028-05-17,2028-05-27,2026-05-18,,pending,,pending,qa@enicarpharma.com,,,,SOP INDEX sheet QA; issued 2026-05-18,QA_SOP/SOP INDEX.xlsx
SOP-QA-016-20280518,QA,SOP Review,Review SOP-QA-016 - Market Complaint,SOP-QA-016,sop_review,two-yearly,specific_date,2028-05-18,2028-05-28,2026-05-19,,pending,,pending,qa@enicarpharma.com,,,,SOP INDEX sheet QA; issued 2026-05-19,QA_SOP/SOP INDEX.xlsx
SOP-QA-077-20280525,QA,SOP Review,Review SOP-QA-077 - Electronic Transfer of Files,SOP-QA-077,sop_review,two-yearly,specific_date,2028-05-25,2028-06-04,2026-05-26,,pending,,pending,qa@enicarpharma.com,,,,SOP INDEX sheet QA; issued 2026-05-26,QA_SOP/SOP INDEX.xlsx
SOP-QA-078-20280601,QA,SOP Review,"Review SOP-QA-078 - SOP for the preparation, Review,Approval,Distribution,Retrival,Destrution,and Handling of the Document in D2RSNX",SOP-QA-078,sop_review,two-yearly,specific_date,2028-06-01,2028-06-11,2026-06-02,,pending,,pending,qa@enicarpharma.com,,,,SOP INDEX sheet QA; issued 2026-06-02,QA_SOP/SOP INDEX.xlsx
SOP-QA-001-20280625,QA,SOP Review,"Review SOP-QA-001 - Preparation, Approval, Distribution Control, Revision and Destruction of Standard Operating Procedure (sop).",SOP-QA-001,sop_review,two-yearly,specific_date,2028-06-25,2028-07-05,2026-06-26,,pending,,pending,qa@enicarpharma.com,,,,SOP INDEX sheet QA; issued 2026-06-26,QA_SOP/SOP INDEX.xlsx
SOP-QA-079-20290630,QA,SOP Review,Review SOP-QA-079 - SOP for Maximum Retail Price,SOP-QA-079,sop_review,three-yearly,specific_date,2029-06-30,2029-07-10,2026-07-01,,pending,,pending,qa@enicarpharma.com,,,,SOP INDEX sheet QA; issued 2026-07-01,QA_SOP/SOP INDEX.xlsx
SOP-QA-057-20290728,QA,SOP Review,Review SOP-QA-057 - Qualification of Visual Inspectors,SOP-QA-057,sop_review,three-yearly,specific_date,2029-07-28,2029-08-07,2026-07-29,,pending,,pending,qa@enicarpharma.com,,,,SOP INDEX sheet QA; issued 2026-07-29,QA_SOP/SOP INDEX.xlsx
SOP-QA-053-20290729,QA,SOP Review,Review SOP-QA-053 - New Product Introduction,SOP-QA-053,sop_review,three-yearly,specific_date,2029-07-29,2029-08-08,2026-07-30,,pending,,pending,qa@enicarpharma.com,,,,SOP INDEX sheet QA; issued 2026-07-30,QA_SOP/SOP INDEX.xlsx
SOP-QC-054-20260709,QC,SOP Review,"Review SOP-QC-054 - Release of Raw Material, Packing Material, Semi – Finish & Finished Product",SOP-QC-054,sop_review,two-yearly,specific_date,2026-07-09,2026-07-19,2024-07-10,,pending,,pending,qc@enicarpharma.com,,,,SOP INDEX sheet QC; issued 2024-07-10,QA_SOP/SOP INDEX.xlsx
SOP-QC-086-20261115,QC,SOP Review,Review SOP-QC-086 - Operation Ofexl ® 7 (Water Purification System),SOP-QC-086,sop_review,two-yearly,specific_date,2026-11-15,2026-11-25,2024-11-16,,pending,,pending,qc@enicarpharma.com,,,,SOP INDEX sheet QC; issued 2024-11-16,QA_SOP/SOP INDEX.xlsx
SOP-QC-098-20261122,QC,SOP Review,Review SOP-QC-098 - Handling of Eye washer & Safety Shower,SOP-QC-098,sop_review,two-yearly,specific_date,2026-11-22,2026-12-02,2024-11-23,,pending,,pending,qc@enicarpharma.com,,,,SOP INDEX sheet QC; issued 2024-11-23,QA_SOP/SOP INDEX.xlsx
SOP-QC-082-20261124,QC,SOP Review,Review SOP-QC-082 - High Performance Liquid Chromatography (Shimadzu - Prominence),SOP-QC-082,sop_review,two-yearly,specific_date,2026-11-24,2026-12-04,2024-11-25,,pending,,pending,qc@enicarpharma.com,,,,SOP INDEX sheet QC; issued 2024-11-25,QA_SOP/SOP INDEX.xlsx
SOP-QC-045-20261127,QC,SOP Review,Review SOP-QC-045 - Maintaining Temperature and Humidity Record,SOP-QC-045,sop_review,two-yearly,specific_date,2026-11-27,2026-12-07,2024-11-28,,pending,,pending,qc@enicarpharma.com,,,,SOP INDEX sheet QC; issued 2024-11-28,QA_SOP/SOP INDEX.xlsx
SOP-QC-040-20261129,QC,SOP Review,Review SOP-QC-040 - Operation & Temperature Monitoring of Refrigerator,SOP-QC-040,sop_review,two-yearly,specific_date,2026-11-29,2026-12-09,2024-11-30,,pending,,pending,qc@enicarpharma.com,,,,SOP INDEX sheet QC; issued 2024-11-30,QA_SOP/SOP INDEX.xlsx
CAL-QC-006-20261215,QC,SOP Review,Review CAL-QC-006 - UV-Visible Spectrophotometer,CAL-QC-006,sop_review,two-yearly,specific_date,2026-12-15,2026-12-25,2024-12-16,,pending,,pending,qc@enicarpharma.com,,,,SOP INDEX sheet QC; issued 2024-12-16,QA_SOP/SOP INDEX.xlsx
SOP-QC-091-20261215,QC,SOP Review,Review SOP-QC-091 - UV-Visible Spectrophotometer,SOP-QC-091,sop_review,two-yearly,specific_date,2026-12-15,2026-12-25,2024-12-16,,pending,,pending,qc@enicarpharma.com,,,,SOP INDEX sheet QC; issued 2024-12-16,QA_SOP/SOP INDEX.xlsx
SOP-QC-009-20270109,QC,SOP Review,Review SOP-QC-009 - Packaging Material Sampling,SOP-QC-009,sop_review,two-yearly,specific_date,2027-01-09,2027-01-19,2025-01-10,,pending,,pending,qc@enicarpharma.com,,,,SOP INDEX sheet QC; issued 2025-01-10,QA_SOP/SOP INDEX.xlsx
SOP-QC-039-20270113,QC,SOP Review,"Review SOP-QC-039 - Finished Product Control Sample Collection, Storage and Disposal and Verification",SOP-QC-039,sop_review,two-yearly,specific_date,2027-01-13,2027-01-23,2025-01-14,,pending,,pending,qc@enicarpharma.com,,,,SOP INDEX sheet QC; issued 2025-01-14,QA_SOP/SOP INDEX.xlsx
SOP-QC-099-20270209,QC,SOP Review,Review SOP-QC-099 - Routine work allocation in QC,SOP-QC-099,sop_review,two-yearly,specific_date,2027-02-09,2027-02-19,2025-02-10,,pending,,pending,qc@enicarpharma.com,,,,SOP INDEX sheet QC; issued 2025-02-10,QA_SOP/SOP INDEX.xlsx
SOP-QC-007-20270217,QC,SOP Review,"Review SOP-QC-007 - Preparation & Maintenance of Reagents, Volumetric Solutions and Indicators",SOP-QC-007,sop_review,two-yearly,specific_date,2027-02-17,2027-02-27,2025-02-18,,pending,,pending,qc@enicarpharma.com,,,,SOP INDEX sheet QC; issued 2025-02-18,QA_SOP/SOP INDEX.xlsx
SOP-QC-090-20270226,QC,SOP Review,"Review SOP-QC-090 - Preparation, Approval, Revision of Analytical Specification and Standard test Procedures",SOP-QC-090,sop_review,two-yearly,specific_date,2027-02-26,2027-03-08,2025-02-27,,pending,,pending,qc@enicarpharma.com,,,,SOP INDEX sheet QC; issued 2025-02-27,QA_SOP/SOP INDEX.xlsx
SOP-QC-100-20270226,QC,SOP Review,Review SOP-QC-100 - Operation of Scientific calculator,SOP-QC-100,sop_review,two-yearly,specific_date,2027-02-26,2027-03-08,2025-02-27,,pending,,pending,qc@enicarpharma.com,,,,SOP INDEX sheet QC; issued 2025-02-27,QA_SOP/SOP INDEX.xlsx
SOP-QC-064-20270416,QC,SOP Review,Review SOP-QC-064 - Good Chromatography Practices,SOP-QC-064,sop_review,two-yearly,specific_date,2027-04-16,2027-04-26,2025-04-17,,pending,,pending,qc@enicarpharma.com,,,,SOP INDEX sheet QC; issued 2025-04-17,QA_SOP/SOP INDEX.xlsx
SOP-QC-093-20270425,QC,SOP Review,Review SOP-QC-093 - Operation and Calibration of DBK Programmable melting Point Apparatus Oil Bath,SOP-QC-093,sop_review,two-yearly,specific_date,2027-04-25,2027-05-05,2025-04-26,,pending,,pending,qc@enicarpharma.com,,,,SOP INDEX sheet QC; issued 2025-04-26,QA_SOP/SOP INDEX.xlsx
SOP-QC-094-20270427,QC,SOP Review,Review SOP-QC-094 - Standard operating procedure for Operation and calibration of conductivity meter,SOP-QC-094,sop_review,two-yearly,specific_date,2027-04-27,2027-05-07,2025-04-28,,pending,,pending,qc@enicarpharma.com,,,,SOP INDEX sheet QC; issued 2025-04-28,QA_SOP/SOP INDEX.xlsx
SOP-QC-080-20270429,QC,SOP Review,Review SOP-QC-080 - Preparation Of Certificate of Analysis,SOP-QC-080,sop_review,two-yearly,specific_date,2027-04-29,2027-05-09,2025-04-30,,pending,,pending,qc@enicarpharma.com,,,,SOP INDEX sheet QC; issued 2025-04-30,QA_SOP/SOP INDEX.xlsx
SOP-QC-081-20270501,QC,SOP Review,Review SOP-QC-081 - Operation & Calibration of Shimadzu Electronic weighing balance,SOP-QC-081,sop_review,two-yearly,specific_date,2027-05-01,2027-05-11,2025-05-02,,pending,,pending,qc@enicarpharma.com,,,,SOP INDEX sheet QC; issued 2025-05-02,QA_SOP/SOP INDEX.xlsx
SOP-QC-096-20270502,QC,SOP Review,Review SOP-QC-096 - Standard operating procedure for Operation and calibration of or gas chromatograph auto injector and auto sampler,SOP-QC-096,sop_review,two-yearly,specific_date,2027-05-02,2027-05-12,2025-05-03,,pending,,pending,qc@enicarpharma.com,,,,SOP INDEX sheet QC; issued 2025-05-03,QA_SOP/SOP INDEX.xlsx
SOP-QC-084-20270504,QC,SOP Review,Review SOP-QC-084 - Audit Trial Management of High Performance Liquid Chromatography (Shimadzu- Prominence),SOP-QC-084,sop_review,two-yearly,specific_date,2027-05-04,2027-05-14,2025-05-05,,pending,,pending,qc@enicarpharma.com,,,,SOP INDEX sheet QC; issued 2025-05-05,QA_SOP/SOP INDEX.xlsx
SOP-QC-097-20270504,QC,SOP Review,Review SOP-QC-097 - Audit Trial Management of Gas Chromatography Auto Injector & Auto Sampler (Shimadzu GC-2014),SOP-QC-097,sop_review,two-yearly,specific_date,2027-05-04,2027-05-14,2025-05-05,,pending,,pending,qc@enicarpharma.com,,,,SOP INDEX sheet QC; issued 2025-05-05,QA_SOP/SOP INDEX.xlsx
SOP-QC-076-20270508,QC,SOP Review,Review SOP-QC-076 - Taking Analysis Backup Data from Software,SOP-QC-076,sop_review,two-yearly,specific_date,2027-05-08,2027-05-18,2025-05-09,,pending,,pending,qc@enicarpharma.com,,,,SOP INDEX sheet QC; issued 2025-05-09,QA_SOP/SOP INDEX.xlsx
SOP-QC-053-20270520,QC,SOP Review,Review SOP-QC-053 - Cleaning of Glass Apparatus & Sampling Equipments,SOP-QC-053,sop_review,two-yearly,specific_date,2027-05-20,2027-05-30,2025-05-21,,pending,,pending,qc@enicarpharma.com,,,,SOP INDEX sheet QC; issued 2025-05-21,QA_SOP/SOP INDEX.xlsx
SOP-QC-089-20270521,QC,SOP Review,"Review SOP-QC-089 - Preparation, Calibration of Shimadzu AP  Series Analytical Balance",SOP-QC-089,sop_review,two-yearly,specific_date,2027-05-21,2027-05-31,2025-05-22,,pending,,pending,qc@enicarpharma.com,,,,SOP INDEX sheet QC; issued 2025-05-22,QA_SOP/SOP INDEX.xlsx
SOP-QC-095-20270521,QC,SOP Review,Review SOP-QC-095 - Standard operating procedure for Operation and calibration of Mettler Toledo analytical balance,SOP-QC-095,sop_review,two-yearly,specific_date,2027-05-21,2027-05-31,2025-05-22,,pending,,pending,qc@enicarpharma.com,,,,SOP INDEX sheet QC; issued 2025-05-22,QA_SOP/SOP INDEX.xlsx
SOP-QC-085-20270623,QC,SOP Review,Review SOP-QC-085 - Kjeldahl Nitrogen Analyzer,SOP-QC-085,sop_review,two-yearly,specific_date,2027-06-23,2027-07-03,2025-06-24,,pending,,pending,qc@enicarpharma.com,,,,SOP INDEX sheet QC; issued 2025-06-24,QA_SOP/SOP INDEX.xlsx
CAL-QC-025-20270813,QC,SOP Review,Review CAL-QC-025 - Quaternary HPLC (Shimadzu- Prominence),CAL-QC-025,sop_review,two-yearly,specific_date,2027-08-13,2027-08-23,2025-08-14,,pending,,pending,qc@enicarpharma.com,,,,SOP INDEX sheet QC; issued 2025-08-14,QA_SOP/SOP INDEX.xlsx
SOP-QC-062-20270813,QC,SOP Review,Review SOP-QC-062 - High Performance Liquid Chromatography (Shimadzu),SOP-QC-062,sop_review,two-yearly,specific_date,2027-08-13,2027-08-23,2025-08-14,,pending,,pending,qc@enicarpharma.com,,,,SOP INDEX sheet QC; issued 2025-08-14,QA_SOP/SOP INDEX.xlsx
SOP-QC-057-20270828,QC,SOP Review,Review SOP-QC-057 - Evaluation of Analyst,SOP-QC-057,sop_review,two-yearly,specific_date,2027-08-28,2027-09-07,2025-08-29,,pending,,pending,qc@enicarpharma.com,,,,SOP INDEX sheet QC; issued 2025-08-29,QA_SOP/SOP INDEX.xlsx
SOP-QC-077-20270908,QC,SOP Review,Review SOP-QC-077 - Testing of Sample in External Laboratory,SOP-QC-077,sop_review,two-yearly,specific_date,2027-09-08,2027-09-18,2025-09-09,,pending,,pending,qc@enicarpharma.com,,,,SOP INDEX sheet QC; issued 2025-09-09,QA_SOP/SOP INDEX.xlsx
SOP-QC-016-20270909,QC,SOP Review,"Review SOP-QC-016 - Operation, Calibration & Maintenance of PICO+ p H meter",SOP-QC-016,sop_review,two-yearly,specific_date,2027-09-09,2027-09-19,2025-09-10,,pending,,pending,qc@enicarpharma.com,,,,SOP INDEX sheet QC; issued 2025-09-10,QA_SOP/SOP INDEX.xlsx
SOP-QC-069-20270925,QC,SOP Review,Review SOP-QC-069 - Operation and calibration for gas chromatography with head space,SOP-QC-069,sop_review,two-yearly,specific_date,2027-09-25,2027-10-05,2025-09-26,,pending,,pending,qc@enicarpharma.com,,,,SOP INDEX sheet QC; issued 2025-09-26,QA_SOP/SOP INDEX.xlsx
SOP-QC-005-20271014,QC,SOP Review,Review SOP-QC-005 - Handling & Usage of Reagent & Chemicals,SOP-QC-005,sop_review,two-yearly,specific_date,2027-10-14,2027-10-24,2025-10-15,,pending,,pending,qc@enicarpharma.com,,,,SOP INDEX sheet QC; issued 2025-10-15,QA_SOP/SOP INDEX.xlsx
SOP-QC-087-20271116,QC,SOP Review,Review SOP-QC-087 - Calibration procedure for Digital Bursting Strength Tester,SOP-QC-087,sop_review,two-yearly,specific_date,2027-11-16,2027-11-26,2025-11-17,,pending,,pending,qc@enicarpharma.com,,,,SOP INDEX sheet QC; issued 2025-11-17,QA_SOP/SOP INDEX.xlsx
SOP-QC-059-20271117,QC,SOP Review,Review SOP-QC-059 - Viscometer,SOP-QC-059,sop_review,two-yearly,specific_date,2027-11-17,2027-11-27,2025-11-18,,pending,,pending,qc@enicarpharma.com,,,,SOP INDEX sheet QC; issued 2025-11-18,QA_SOP/SOP INDEX.xlsx
SOP-QC-088-20271118,QC,SOP Review,Review SOP-QC-088 - Calibration procedure for Digital Dissolution Test apparatus,SOP-QC-088,sop_review,two-yearly,specific_date,2027-11-18,2027-11-28,2025-11-19,,pending,,pending,qc@enicarpharma.com,,,,SOP INDEX sheet QC; issued 2025-11-19,QA_SOP/SOP INDEX.xlsx
CAL-QC-015-20271120,QC,SOP Review,Review CAL-QC-015 - Viscometer,CAL-QC-015,sop_review,two-yearly,specific_date,2027-11-20,2027-11-30,2025-11-21,,pending,,pending,qc@enicarpharma.com,,,,SOP INDEX sheet QC; issued 2025-11-21,QA_SOP/SOP INDEX.xlsx
SOP-QC-032-20280203,QC,SOP Review,Review SOP-QC-032 - Sampling and Testing of Water (Chemical Analysis),SOP-QC-032,sop_review,two-yearly,specific_date,2028-02-03,2028-02-13,2026-02-04,,pending,,pending,qc@enicarpharma.com,,,,SOP INDEX sheet QC; issued 2026-02-04,QA_SOP/SOP INDEX.xlsx
CAL-QC-026-20280215,QC,SOP Review,Review CAL-QC-026 - Calibration of Polarimeter,CAL-QC-026,sop_review,two-yearly,specific_date,2028-02-15,2028-02-25,2026-02-16,,pending,,pending,qc@enicarpharma.com,,,,SOP INDEX sheet QC; issued 2026-02-16,QA_SOP/SOP INDEX.xlsx
SOP-QC-201-20280215,QC,SOP Review,Review SOP-QC-201 - Polarimeter Apparatus,SOP-QC-201,sop_review,two-yearly,specific_date,2028-02-15,2028-02-25,2026-02-16,,pending,,pending,qc@enicarpharma.com,,,,SOP INDEX sheet QC; issued 2026-02-16,QA_SOP/SOP INDEX.xlsx
SOP-QC-083-20280217,QC,SOP Review,Review SOP-QC-083 - Walk In Type Stability chamber (30°C & 75% RH),SOP-QC-083,sop_review,two-yearly,specific_date,2028-02-17,2028-02-27,2026-02-18,,pending,,pending,qc@enicarpharma.com,,,,SOP INDEX sheet QC; issued 2026-02-18,QA_SOP/SOP INDEX.xlsx
SOP-QC-092-20280222,QC,SOP Review,Review SOP-QC-092 - Operation & Calibration of Digital PH Metr,SOP-QC-092,sop_review,two-yearly,specific_date,2028-02-22,2028-03-03,2026-02-23,,pending,,pending,qc@enicarpharma.com,,,,SOP INDEX sheet QC; issued 2026-02-23,QA_SOP/SOP INDEX.xlsx
SOP-QC-041-20280226,QC,SOP Review,Review SOP-QC-041 - Use Wet and Dry Bulb Hygrometer,SOP-QC-041,sop_review,two-yearly,specific_date,2028-02-26,2028-03-07,2026-02-27,,pending,,pending,qc@enicarpharma.com,,,,SOP INDEX sheet QC; issued 2026-02-27,QA_SOP/SOP INDEX.xlsx
SOP-QC-042-20280226,QC,SOP Review,"Review SOP-QC-042 - Dilution, Pipetting & Filtration",SOP-QC-042,sop_review,two-yearly,specific_date,2028-02-26,2028-03-07,2026-02-27,,pending,,pending,qc@enicarpharma.com,,,,SOP INDEX sheet QC; issued 2026-02-27,QA_SOP/SOP INDEX.xlsx
SOP-QC-006-20280308,QC,SOP Review,"Review SOP-QC-006 - Storage, Preparation & Standardization of Volumetric Solution",SOP-QC-006,sop_review,two-yearly,specific_date,2028-03-08,2028-03-18,2026-03-09,,pending,,pending,qc@enicarpharma.com,,,,SOP INDEX sheet QC; issued 2026-03-09,QA_SOP/SOP INDEX.xlsx
CAL-QC-003-20280309,QC,SOP Review,Review CAL-QC-003 - Melting point Apparatus,CAL-QC-003,sop_review,two-yearly,specific_date,2028-03-09,2028-03-19,2026-03-10,,pending,,pending,qc@enicarpharma.com,,,,SOP INDEX sheet QC; issued 2026-03-10,QA_SOP/SOP INDEX.xlsx
CAL-QC-013-20280309,QC,SOP Review,Review CAL-QC-013 - Thermometer and Hygrometer,CAL-QC-013,sop_review,two-yearly,specific_date,2028-03-09,2028-03-19,2026-03-10,,pending,,pending,qc@enicarpharma.com,,,,SOP INDEX sheet QC; issued 2026-03-10,QA_SOP/SOP INDEX.xlsx
CAL-QC-020-20280309,QC,SOP Review,Review CAL-QC-020 - Quaternary HPLC (Shimadzu),CAL-QC-020,sop_review,two-yearly,specific_date,2028-03-09,2028-03-19,2026-03-10,,pending,,pending,qc@enicarpharma.com,,,,SOP INDEX sheet QC; issued 2026-03-10,QA_SOP/SOP INDEX.xlsx
CAL-QC-022-20280309,QC,SOP Review,Review CAL-QC-022 - Vaccum Oven,CAL-QC-022,sop_review,two-yearly,specific_date,2028-03-09,2028-03-19,2026-03-10,,pending,,pending,qc@enicarpharma.com,,,,SOP INDEX sheet QC; issued 2026-03-10,QA_SOP/SOP INDEX.xlsx
CAL-QC-023-20280309,QC,SOP Review,Review CAL-QC-023 - Potentiometer Apparatus,CAL-QC-023,sop_review,two-yearly,specific_date,2028-03-09,2028-03-19,2026-03-10,,pending,,pending,qc@enicarpharma.com,,,,SOP INDEX sheet QC; issued 2026-03-10,QA_SOP/SOP INDEX.xlsx
SOP-QC-002-20280309,QC,SOP Review,Review SOP-QC-002 - Safety Guidelines for QC Department,SOP-QC-002,sop_review,two-yearly,specific_date,2028-03-09,2028-03-19,2026-03-10,,pending,,pending,qc@enicarpharma.com,,,,SOP INDEX sheet QC; issued 2026-03-10,QA_SOP/SOP INDEX.xlsx
SOP-QC-036-20280309,QC,SOP Review,Review SOP-QC-036 - Rounding of Analytical Result,SOP-QC-036,sop_review,two-yearly,specific_date,2028-03-09,2028-03-19,2026-03-10,,pending,,pending,qc@enicarpharma.com,,,,SOP INDEX sheet QC; issued 2026-03-10,QA_SOP/SOP INDEX.xlsx
SOP-QC-043-20280309,QC,SOP Review,Review SOP-QC-043 - Manual Titration,SOP-QC-043,sop_review,two-yearly,specific_date,2028-03-09,2028-03-19,2026-03-10,,pending,,pending,qc@enicarpharma.com,,,,SOP INDEX sheet QC; issued 2026-03-10,QA_SOP/SOP INDEX.xlsx
SOP-QC-044-20280309,QC,SOP Review,Review SOP-QC-044 - Refluxing,SOP-QC-044,sop_review,two-yearly,specific_date,2028-03-09,2028-03-19,2026-03-10,,pending,,pending,qc@enicarpharma.com,,,,SOP INDEX sheet QC; issued 2026-03-10,QA_SOP/SOP INDEX.xlsx
SOP-QC-046-20280309,QC,SOP Review,Review SOP-QC-046 - Followed by Quality Control Department,SOP-QC-046,sop_review,two-yearly,specific_date,2028-03-09,2028-03-19,2026-03-10,,pending,,pending,qc@enicarpharma.com,,,,SOP INDEX sheet QC; issued 2026-03-10,QA_SOP/SOP INDEX.xlsx
SOP-QC-047-20280309,QC,SOP Review,Review SOP-QC-047 - Receipt & Maintenance of Chemicals,SOP-QC-047,sop_review,two-yearly,specific_date,2028-03-09,2028-03-19,2026-03-10,,pending,,pending,qc@enicarpharma.com,,,,SOP INDEX sheet QC; issued 2026-03-10,QA_SOP/SOP INDEX.xlsx
SOP-QC-052-20280309,QC,SOP Review,Review SOP-QC-052 - Followed When Instrument is out of Calibration,SOP-QC-052,sop_review,two-yearly,specific_date,2028-03-09,2028-03-19,2026-03-10,,pending,,pending,qc@enicarpharma.com,,,,SOP INDEX sheet QC; issued 2026-03-10,QA_SOP/SOP INDEX.xlsx
CAL-QC-005-20280310,QC,SOP Review,Review CAL-QC-005 - Refractometer,CAL-QC-005,sop_review,two-yearly,specific_date,2028-03-10,2028-03-20,2026-03-11,,pending,,pending,qc@enicarpharma.com,,,,SOP INDEX sheet QC; issued 2026-03-11,QA_SOP/SOP INDEX.xlsx
CAL-QC-008-20280310,QC,SOP Review,Review CAL-QC-008 - Ultra Violet Cabinet,CAL-QC-008,sop_review,two-yearly,specific_date,2028-03-10,2028-03-20,2026-03-11,,pending,,pending,qc@enicarpharma.com,,,,SOP INDEX sheet QC; issued 2026-03-11,QA_SOP/SOP INDEX.xlsx
CAL-QC-009-20280310,QC,SOP Review,Review CAL-QC-009 - Karl-Fisher Apparatus,CAL-QC-009,sop_review,two-yearly,specific_date,2028-03-10,2028-03-20,2026-03-11,,pending,,pending,qc@enicarpharma.com,,,,SOP INDEX sheet QC; issued 2026-03-11,QA_SOP/SOP INDEX.xlsx
CAL-QC-010-20280310,QC,SOP Review,Review CAL-QC-010 - Muffle Furnace,CAL-QC-010,sop_review,two-yearly,specific_date,2028-03-10,2028-03-20,2026-03-11,,pending,,pending,qc@enicarpharma.com,,,,SOP INDEX sheet QC; issued 2026-03-11,QA_SOP/SOP INDEX.xlsx
CAL-QC-012-20280310,QC,SOP Review,Review CAL-QC-012 - Glass Ware,CAL-QC-012,sop_review,two-yearly,specific_date,2028-03-10,2028-03-20,2026-03-11,,pending,,pending,qc@enicarpharma.com,,,,SOP INDEX sheet QC; issued 2026-03-11,QA_SOP/SOP INDEX.xlsx
CAL-QC-017-20280310,QC,SOP Review,Review CAL-QC-017 - Vernier Caliper,CAL-QC-017,sop_review,two-yearly,specific_date,2028-03-10,2028-03-20,2026-03-11,,pending,,pending,qc@enicarpharma.com,,,,SOP INDEX sheet QC; issued 2026-03-11,QA_SOP/SOP INDEX.xlsx
SOP-QC-027-20280310,QC,SOP Review,Review SOP-QC-027 - UV-Visible Spectrophotometer,SOP-QC-027,sop_review,two-yearly,specific_date,2028-03-10,2028-03-20,2026-03-11,,pending,,pending,qc@enicarpharma.com,,,,SOP INDEX sheet QC; issued 2026-03-11,QA_SOP/SOP INDEX.xlsx
SOP-QC-037-20280310,QC,SOP Review,Review SOP-QC-037 - Change Desiccant From Desiccators,SOP-QC-037,sop_review,two-yearly,specific_date,2028-03-10,2028-03-20,2026-03-11,,pending,,pending,qc@enicarpharma.com,,,,SOP INDEX sheet QC; issued 2026-03-11,QA_SOP/SOP INDEX.xlsx
CAL-QC-014-20280315,QC,SOP Review,Review CAL-QC-014 - Oven,CAL-QC-014,sop_review,two-yearly,specific_date,2028-03-15,2028-03-25,2026-03-16,,pending,,pending,qc@enicarpharma.com,,,,SOP INDEX sheet QC; issued 2026-03-16,QA_SOP/SOP INDEX.xlsx
CAL-QC-016-20280315,QC,SOP Review,Review CAL-QC-016 - Fourier Transform Infrared Spectrometer (ABB),CAL-QC-016,sop_review,two-yearly,specific_date,2028-03-15,2028-03-25,2026-03-16,,pending,,pending,qc@enicarpharma.com,,,,SOP INDEX sheet QC; issued 2026-03-16,QA_SOP/SOP INDEX.xlsx
SCP-QC-001-20280315,QC,SOP Review,Review SCP-QC-001 - Cleaning of Quality Control Department,SCP-QC-001,sop_review,two-yearly,specific_date,2028-03-15,2028-03-25,2026-03-16,,pending,,pending,qc@enicarpharma.com,,,,SOP INDEX sheet QC; issued 2026-03-16,QA_SOP/SOP INDEX.xlsx
SCP-QC-002-20280315,QC,SOP Review,Review SCP-QC-002 - Cleaning of Glass Apparatus & Sampling Equipment.,SCP-QC-002,sop_review,two-yearly,specific_date,2028-03-15,2028-03-25,2026-03-16,,pending,,pending,qc@enicarpharma.com,,,,SOP INDEX sheet QC; issued 2026-03-16,QA_SOP/SOP INDEX.xlsx
SOP-QC-025-20280315,QC,SOP Review,"Review SOP-QC-025 - Preparation & Maintaining Of Buffer Solution (4.00, 7.00 & 9.20)",SOP-QC-025,sop_review,two-yearly,specific_date,2028-03-15,2028-03-25,2026-03-16,,pending,,pending,qc@enicarpharma.com,,,,SOP INDEX sheet QC; issued 2026-03-16,QA_SOP/SOP INDEX.xlsx
SOP-QC-031-20280315,QC,SOP Review,Review SOP-QC-031 - Operation of Potentiometer Apparatus,SOP-QC-031,sop_review,two-yearly,specific_date,2028-03-15,2028-03-25,2026-03-16,,pending,,pending,qc@enicarpharma.com,,,,SOP INDEX sheet QC; issued 2026-03-16,QA_SOP/SOP INDEX.xlsx
SOP-QC-055-20280315,QC,SOP Review,Review SOP-QC-055 - Operation of Laboratory Centrifuge,SOP-QC-055,sop_review,two-yearly,specific_date,2028-03-15,2028-03-25,2026-03-16,,pending,,pending,qc@enicarpharma.com,,,,SOP INDEX sheet QC; issued 2026-03-16,QA_SOP/SOP INDEX.xlsx
SOP-QC-010-20280316,QC,SOP Review,Review SOP-QC-010 - Allotment of Analytical Report Number,SOP-QC-010,sop_review,two-yearly,specific_date,2028-03-16,2028-03-26,2026-03-17,,pending,,pending,qc@enicarpharma.com,,,,SOP INDEX sheet QC; issued 2026-03-17,QA_SOP/SOP INDEX.xlsx
SOP-QC-011-20280316,QC,SOP Review,Review SOP-QC-011 - Magnetic Stirrer,SOP-QC-011,sop_review,two-yearly,specific_date,2028-03-16,2028-03-26,2026-03-17,,pending,,pending,qc@enicarpharma.com,,,,SOP INDEX sheet QC; issued 2026-03-17,QA_SOP/SOP INDEX.xlsx
SOP-QC-012-20280316,QC,SOP Review,Review SOP-QC-012 - Water Bath,SOP-QC-012,sop_review,two-yearly,specific_date,2028-03-16,2028-03-26,2026-03-17,,pending,,pending,qc@enicarpharma.com,,,,SOP INDEX sheet QC; issued 2026-03-17,QA_SOP/SOP INDEX.xlsx
SOP-QC-013-20280316,QC,SOP Review,Review SOP-QC-013 - Heating Mantle,SOP-QC-013,sop_review,two-yearly,specific_date,2028-03-16,2028-03-26,2026-03-17,,pending,,pending,qc@enicarpharma.com,,,,SOP INDEX sheet QC; issued 2026-03-17,QA_SOP/SOP INDEX.xlsx
SOP-QC-014-20280316,QC,SOP Review,Review SOP-QC-014 - Ultrasonic Water Bath,SOP-QC-014,sop_review,two-yearly,specific_date,2028-03-16,2028-03-26,2026-03-17,,pending,,pending,qc@enicarpharma.com,,,,SOP INDEX sheet QC; issued 2026-03-17,QA_SOP/SOP INDEX.xlsx
SOP-QC-015-20280316,QC,SOP Review,Review SOP-QC-015 - Laboratory Oven,SOP-QC-015,sop_review,two-yearly,specific_date,2028-03-16,2028-03-26,2026-03-17,,pending,,pending,qc@enicarpharma.com,,,,SOP INDEX sheet QC; issued 2026-03-17,QA_SOP/SOP INDEX.xlsx
SOP-QC-019-20280316,QC,SOP Review,Review SOP-QC-019 - Vacuum Oven & Vacuum Pump,SOP-QC-019,sop_review,two-yearly,specific_date,2028-03-16,2028-03-26,2026-03-17,,pending,,pending,qc@enicarpharma.com,,,,SOP INDEX sheet QC; issued 2026-03-17,QA_SOP/SOP INDEX.xlsx
SOP-QC-020-20280316,QC,SOP Review,Review SOP-QC-020 - Ultra Violet Cabinet,SOP-QC-020,sop_review,two-yearly,specific_date,2028-03-16,2028-03-26,2026-03-17,,pending,,pending,qc@enicarpharma.com,,,,SOP INDEX sheet QC; issued 2026-03-17,QA_SOP/SOP INDEX.xlsx
SOP-QC-021-20280316,QC,SOP Review,Review SOP-QC-021 - Refractometer,SOP-QC-021,sop_review,two-yearly,specific_date,2028-03-16,2028-03-26,2026-03-17,,pending,,pending,qc@enicarpharma.com,,,,SOP INDEX sheet QC; issued 2026-03-17,QA_SOP/SOP INDEX.xlsx
SOP-QC-022-20280316,QC,SOP Review,Review SOP-QC-022 - Vernier Calliper,SOP-QC-022,sop_review,two-yearly,specific_date,2028-03-16,2028-03-26,2026-03-17,,pending,,pending,qc@enicarpharma.com,,,,SOP INDEX sheet QC; issued 2026-03-17,QA_SOP/SOP INDEX.xlsx
SOP-QC-023-20280316,QC,SOP Review,Review SOP-QC-023 - Melting Point Apparatus,SOP-QC-023,sop_review,two-yearly,specific_date,2028-03-16,2028-03-26,2026-03-17,,pending,,pending,qc@enicarpharma.com,,,,SOP INDEX sheet QC; issued 2026-03-17,QA_SOP/SOP INDEX.xlsx
SOP-QC-033-20280316,QC,SOP Review,Review SOP-QC-033 - Muffle Furnace,SOP-QC-033,sop_review,two-yearly,specific_date,2028-03-16,2028-03-26,2026-03-17,,pending,,pending,qc@enicarpharma.com,,,,SOP INDEX sheet QC; issued 2026-03-17,QA_SOP/SOP INDEX.xlsx
SOP-QC-035-20280316,QC,SOP Review,Review SOP-QC-035 - Operation of Karl Fischer Apparatus,SOP-QC-035,sop_review,two-yearly,specific_date,2028-03-16,2028-03-26,2026-03-17,,pending,,pending,qc@enicarpharma.com,,,,SOP INDEX sheet QC; issued 2026-03-17,QA_SOP/SOP INDEX.xlsx
SOP-QC-051-20280316,QC,SOP Review,Review SOP-QC-051 - Maintaining the Waste - Bin in Quality Control Department,SOP-QC-051,sop_review,two-yearly,specific_date,2028-03-16,2028-03-26,2026-03-17,,pending,,pending,qc@enicarpharma.com,,,,SOP INDEX sheet QC; issued 2026-03-17,QA_SOP/SOP INDEX.xlsx
SOP-QC-058-20280316,QC,SOP Review,Review SOP-QC-058 - Thermometer,SOP-QC-058,sop_review,two-yearly,specific_date,2028-03-16,2028-03-26,2026-03-17,,pending,,pending,qc@enicarpharma.com,,,,SOP INDEX sheet QC; issued 2026-03-17,QA_SOP/SOP INDEX.xlsx
SOP-QC-061-20280316,QC,SOP Review,Review SOP-QC-061 - FTIR (Fourier Transform Infrared) Spectrometer (ABB),SOP-QC-061,sop_review,two-yearly,specific_date,2028-03-16,2028-03-26,2026-03-17,,pending,,pending,qc@enicarpharma.com,,,,SOP INDEX sheet QC; issued 2026-03-17,QA_SOP/SOP INDEX.xlsx
SOP-QC-063-20280316,QC,SOP Review,Review SOP-QC-063 - Sanitizing the Sampling Area by Fumigation and De-Fumigation,SOP-QC-063,sop_review,two-yearly,specific_date,2028-03-16,2028-03-26,2026-03-17,,pending,,pending,qc@enicarpharma.com,,,,SOP INDEX sheet QC; issued 2026-03-17,QA_SOP/SOP INDEX.xlsx
SOP-QC-075-20280316,QC,SOP Review,Review SOP-QC-075 - Preparation of Mobile Phase,SOP-QC-075,sop_review,two-yearly,specific_date,2028-03-16,2028-03-26,2026-03-17,,pending,,pending,qc@enicarpharma.com,,,,SOP INDEX sheet QC; issued 2026-03-17,QA_SOP/SOP INDEX.xlsx
SOP-QC-078-20280316,QC,SOP Review,Review SOP-QC-078 - Issuance OF Protocol,SOP-QC-078,sop_review,two-yearly,specific_date,2028-03-16,2028-03-26,2026-03-17,,pending,,pending,qc@enicarpharma.com,,,,SOP INDEX sheet QC; issued 2026-03-17,QA_SOP/SOP INDEX.xlsx
SOP-QC-048-20280317,QC,SOP Review,Review SOP-QC-048 - Handling of Poisonous & Hazardous Chemicals,SOP-QC-048,sop_review,two-yearly,specific_date,2028-03-17,2028-03-27,2026-03-18,,pending,,pending,qc@enicarpharma.com,,,,SOP INDEX sheet QC; issued 2026-03-18,QA_SOP/SOP INDEX.xlsx
SOP-QC-050-20280317,QC,SOP Review,Review SOP-QC-050 - Line Clearance of Equipments & Manufacturing Areas,SOP-QC-050,sop_review,two-yearly,specific_date,2028-03-17,2028-03-27,2026-03-18,,pending,,pending,qc@enicarpharma.com,,,,SOP INDEX sheet QC; issued 2026-03-18,QA_SOP/SOP INDEX.xlsx
SOP-QC-060-20280317,QC,SOP Review,Review SOP-QC-060 - Destruction of Retain Sample of Raw material and Bulk and Finish Product,SOP-QC-060,sop_review,two-yearly,specific_date,2028-03-17,2028-03-27,2026-03-18,,pending,,pending,qc@enicarpharma.com,,,,SOP INDEX sheet QC; issued 2026-03-18,QA_SOP/SOP INDEX.xlsx
SOP-QC-067-20280317,QC,SOP Review,Review SOP-QC-067 - Calibration & Operation of Mini Cooling Apparatus,SOP-QC-067,sop_review,two-yearly,specific_date,2028-03-17,2028-03-27,2026-03-18,,pending,,pending,qc@enicarpharma.com,,,,SOP INDEX sheet QC; issued 2026-03-18,QA_SOP/SOP INDEX.xlsx
SOP-QC-071-20280317,QC,SOP Review,Review SOP-QC-071 - Good Laboratory Practice in QC Department,SOP-QC-071,sop_review,two-yearly,specific_date,2028-03-17,2028-03-27,2026-03-18,,pending,,pending,qc@enicarpharma.com,,,,SOP INDEX sheet QC; issued 2026-03-18,QA_SOP/SOP INDEX.xlsx
SOP-QC-073-20280317,QC,SOP Review,Review SOP-QC-073 - Number Allocation And  Checking The Performance Of HPLC  Column,SOP-QC-073,sop_review,two-yearly,specific_date,2028-03-17,2028-03-27,2026-03-18,,pending,,pending,qc@enicarpharma.com,,,,SOP INDEX sheet QC; issued 2026-03-18,QA_SOP/SOP INDEX.xlsx
SOP-QC-074-20280317,QC,SOP Review,Review SOP-QC-074 - Laboratory Discipline,SOP-QC-074,sop_review,two-yearly,specific_date,2028-03-17,2028-03-27,2026-03-18,,pending,,pending,qc@enicarpharma.com,,,,SOP INDEX sheet QC; issued 2026-03-18,QA_SOP/SOP INDEX.xlsx
SOP-QC-079-20280317,QC,SOP Review,Review SOP-QC-079 - Operation & Calibration of HPLC Refractive Index Detector (RI),SOP-QC-079,sop_review,two-yearly,specific_date,2028-03-17,2028-03-27,2026-03-18,,pending,,pending,qc@enicarpharma.com,,,,SOP INDEX sheet QC; issued 2026-03-18,QA_SOP/SOP INDEX.xlsx
SOP-QC-008-20280318,QC,SOP Review,Review SOP-QC-008 - Retesting of Raw Material,SOP-QC-008,sop_review,two-yearly,specific_date,2028-03-18,2028-03-28,2026-03-19,,pending,,pending,qc@enicarpharma.com,,,,SOP INDEX sheet QC; issued 2026-03-19,QA_SOP/SOP INDEX.xlsx
SOP-QC-049-20280318,QC,SOP Review,Review SOP-QC-049 - Disposal of Leftover Sample and Documents,SOP-QC-049,sop_review,two-yearly,specific_date,2028-03-18,2028-03-28,2026-03-19,,pending,,pending,qc@enicarpharma.com,,,,SOP INDEX sheet QC; issued 2026-03-19,QA_SOP/SOP INDEX.xlsx
CAL-QC-027-20280327,QC,SOP Review,Review CAL-QC-027 - Digital Automatic Potentiometric Titration Plus Karl-Fischer Appartus,CAL-QC-027,sop_review,two-yearly,specific_date,2028-03-27,2028-04-06,2026-03-28,,pending,,pending,qc@enicarpharma.com,,,,SOP INDEX sheet QC; issued 2026-03-28,QA_SOP/SOP INDEX.xlsx
SOP-QC-203-20280327,QC,SOP Review,Review SOP-QC-203 - Operation of Digital Automatic Potentiometric Titration Plus Karl-Fischer Appartus,SOP-QC-203,sop_review,two-yearly,specific_date,2028-03-27,2028-04-06,2026-03-28,,pending,,pending,qc@enicarpharma.com,,,,SOP INDEX sheet QC; issued 2026-03-28,QA_SOP/SOP INDEX.xlsx
SOP-QC-202-20280329,QC,SOP Review,Review SOP-QC-202 - Instrument Calibration,SOP-QC-202,sop_review,two-yearly,specific_date,2028-03-29,2028-04-08,2026-03-30,,pending,,pending,qc@enicarpharma.com,,,,SOP INDEX sheet QC; issued 2026-03-30,QA_SOP/SOP INDEX.xlsx
SOP-QC-072-20280405,QC,SOP Review,Review SOP-QC-072 - Incident,SOP-QC-072,sop_review,two-yearly,specific_date,2028-04-05,2028-04-15,2026-04-06,,pending,,pending,qc@enicarpharma.com,,,,SOP INDEX sheet QC; issued 2026-04-06,QA_SOP/SOP INDEX.xlsx
SOP-QC-017-20280504,QC,SOP Review,Review SOP-QC-017 - Humidity Control Stability Chamber (40ºC & 75% RH),SOP-QC-017,sop_review,two-yearly,specific_date,2028-05-04,2028-05-14,2026-05-05,,pending,,pending,qc@enicarpharma.com,,,,SOP INDEX sheet QC; issued 2026-05-05,QA_SOP/SOP INDEX.xlsx
SOP-QC-004-20280507,QC,SOP Review,"Review SOP-QC-004 - Guidelines for Preparation, Maintenance of Primary Standards",SOP-QC-004,sop_review,two-yearly,specific_date,2028-05-07,2028-05-17,2026-05-08,,pending,,pending,qc@enicarpharma.com,,,,SOP INDEX sheet QC; issued 2026-05-08,QA_SOP/SOP INDEX.xlsx
SOP-QC-003-20280515,QC,SOP Review,"Review SOP-QC-003 - Procurement of Reference Standards, Preparation & Maintaining Of Working Standards.",SOP-QC-003,sop_review,two-yearly,specific_date,2028-05-15,2028-05-25,2026-05-16,,pending,,pending,qc@enicarpharma.com,,,,SOP INDEX sheet QC; issued 2026-05-16,QA_SOP/SOP INDEX.xlsx
SOP-QC-038-20280515,QC,SOP Review,Review SOP-QC-038 - Semi Finish & Finished Product Sampling,SOP-QC-038,sop_review,two-yearly,specific_date,2028-05-15,2028-05-25,2026-05-16,,pending,,pending,qc@enicarpharma.com,,,,SOP INDEX sheet QC; issued 2026-05-16,QA_SOP/SOP INDEX.xlsx
SOP-QC-001-20280531,QC,SOP Review,Review SOP-QC-001 - Raw Material Sampling,SOP-QC-001,sop_review,two-yearly,specific_date,2028-05-31,2028-06-10,2026-06-01,,pending,,pending,qc@enicarpharma.com,,,,SOP INDEX sheet QC; issued 2026-06-01,QA_SOP/SOP INDEX.xlsx
SOP-RA-0001-20290806,RA,SOP Review,Review SOP-RA-0001 - Standard Operating Procedure For Operation and Usage of RA.PRO Dossier Preparation Software(Version 3.0),SOP-RA-0001,sop_review,three-yearly,specific_date,2029-08-06,2029-08-16,2026-08-07,,pending,,pending,regulatory@enicarpharma.com,,,,SOP INDEX sheet RA; issued 2026-08-07,QA_SOP/SOP INDEX.xlsx
SOP-ST-004-20260815,Store,SOP Review,Review SOP-ST-004 - Handling of Rejected Material,SOP-ST-004,sop_review,two-yearly,specific_date,2026-08-15,2026-08-25,2024-08-16,,pending,,pending,Stores@enicarpharma.com,,,,SOP INDEX sheet STORE; issued 2024-08-16,QA_SOP/SOP INDEX.xlsx
SOP-ST-021-20261215,Store,SOP Review,Review SOP-ST-021 - Return of Packing Materials from Production to Stores,SOP-ST-021,sop_review,two-yearly,specific_date,2026-12-15,2026-12-25,2024-12-16,,pending,,pending,Stores@enicarpharma.com,,,,SOP INDEX sheet STORE; issued 2024-12-16,QA_SOP/SOP INDEX.xlsx
SOP-ST-033-20261227,Store,SOP Review,Review SOP-ST-033 - Transfer of Raw/ Packing material,SOP-ST-033,sop_review,two-yearly,specific_date,2026-12-27,2027-01-06,2024-12-28,,pending,,pending,Stores@enicarpharma.com,,,,SOP INDEX sheet STORE; issued 2024-12-28,QA_SOP/SOP INDEX.xlsx
SOP-ST-034-20261227,Store,SOP Review,Review SOP-ST-034 - Label Management (GTIN Bar Code & Shipper Label),SOP-ST-034,sop_review,two-yearly,specific_date,2026-12-27,2027-01-06,2024-12-28,,pending,,pending,Stores@enicarpharma.com,,,,SOP INDEX sheet STORE; issued 2024-12-28,QA_SOP/SOP INDEX.xlsx
SOP-ST-011-20270423,Store,SOP Review,Review SOP-ST-011 - Reverse Laminar Air Flow (RLAF) Units in Dispensing room,SOP-ST-011,sop_review,two-yearly,specific_date,2027-04-23,2027-05-03,2025-04-24,,pending,,pending,Stores@enicarpharma.com,,,,SOP INDEX sheet STORE; issued 2025-04-24,QA_SOP/SOP INDEX.xlsx
SOP/1-ST-011-20270509,Store,SOP Review,Review SOP/1-ST-011 - Reverse Laminar Air Flow (RLAF),SOP/1-ST-011,sop_review,two-yearly,specific_date,2027-05-09,2027-05-19,2025-05-10,,pending,,pending,Stores@enicarpharma.com,,,,SOP INDEX sheet STORE; issued 2025-05-10,QA_SOP/SOP INDEX.xlsx
SOP/1-ST-012-20270511,Store,SOP Review,"Review SOP/1-ST-012 - SOP for Operation, Cleaning, Calibration of Weighing Balance",SOP/1-ST-012,sop_review,two-yearly,specific_date,2027-05-11,2027-05-21,2025-05-12,,pending,,pending,Stores@enicarpharma.com,,,,SOP INDEX sheet STORE; issued 2025-05-12,QA_SOP/SOP INDEX.xlsx
SOP-ST-018-20270515,Store,SOP Review,Review SOP-ST-018 - Handling of Cold Storage Material,SOP-ST-018,sop_review,two-yearly,specific_date,2027-05-15,2027-05-25,2025-05-16,,pending,,pending,Stores@enicarpharma.com,,,,SOP INDEX sheet STORE; issued 2025-05-16,QA_SOP/SOP INDEX.xlsx
SOP-ST-029-20270515,Store,SOP Review,Review SOP-ST-029 - Dispensing of Packing Material,SOP-ST-029,sop_review,two-yearly,specific_date,2027-05-15,2027-05-25,2025-05-16,,pending,,pending,Stores@enicarpharma.com,,,,SOP INDEX sheet STORE; issued 2025-05-16,QA_SOP/SOP INDEX.xlsx
SOP-ST-016-20270803,Store,SOP Review,Review SOP-ST-016 - Handling of Retest Material,SOP-ST-016,sop_review,two-yearly,specific_date,2027-08-03,2027-08-13,2025-08-04,,pending,,pending,Stores@enicarpharma.com,,,,SOP INDEX sheet STORE; issued 2025-08-04,QA_SOP/SOP INDEX.xlsx
SOP-ST-007-20270918,Store,SOP Review,Review SOP-ST-007 - Storage of Finished Product in Finished Goods Store,SOP-ST-007,sop_review,two-yearly,specific_date,2027-09-18,2027-09-28,2025-09-19,,pending,,pending,Stores@enicarpharma.com,,,,SOP INDEX sheet STORE; issued 2025-09-19,QA_SOP/SOP INDEX.xlsx
SOP-ST-026-20271030,Store,SOP Review,Review SOP-ST-026 - Sanitizing The Dispensing section By Fogging,SOP-ST-026,sop_review,two-yearly,specific_date,2027-10-30,2027-11-09,2025-10-31,,pending,,pending,Stores@enicarpharma.com,,,,SOP INDEX sheet STORE; issued 2025-10-31,QA_SOP/SOP INDEX.xlsx
SOP-ST-003-20271031,Store,SOP Review,Review SOP-ST-003 - Line/Area Clearance & Dispensing of Raw Material,SOP-ST-003,sop_review,two-yearly,specific_date,2027-10-31,2027-11-10,2025-11-01,,pending,,pending,Stores@enicarpharma.com,,,,SOP INDEX sheet STORE; issued 2025-11-01,QA_SOP/SOP INDEX.xlsx
SOP-ST-028-20280105,Store,SOP Review,"Review SOP-ST-028 - The Receipt, Storage & Handling of  Miscellaneous Material",SOP-ST-028,sop_review,two-yearly,specific_date,2028-01-05,2028-01-15,2026-01-06,,pending,,pending,Stores@enicarpharma.com,,,,SOP INDEX sheet STORE; issued 2026-01-06,QA_SOP/SOP INDEX.xlsx
SOP-ST-035-20280212,Store,SOP Review,Review SOP-ST-035 - SOP for Operation of QR Code Scanner,SOP-ST-035,sop_review,two-yearly,specific_date,2028-02-12,2028-02-22,2026-02-13,,pending,,pending,Stores@enicarpharma.com,,,,SOP INDEX sheet STORE; issued 2026-02-13,QA_SOP/SOP INDEX.xlsx
SCP-ST-002-20280226,Store,SOP Review,Review SCP-ST-002 - Cleaning of Dispensing Accessories,SCP-ST-002,sop_review,two-yearly,specific_date,2028-02-26,2028-03-07,2026-02-27,,pending,,pending,Stores@enicarpharma.com,,,,SOP INDEX sheet STORE; issued 2026-02-27,QA_SOP/SOP INDEX.xlsx
SOP-ST-005-20280319,Store,SOP Review,Review SOP-ST-005 - Destruction of Rejected Material,SOP-ST-005,sop_review,two-yearly,specific_date,2028-03-19,2028-03-29,2026-03-20,,pending,,pending,Stores@enicarpharma.com,,,,SOP INDEX sheet STORE; issued 2026-03-20,QA_SOP/SOP INDEX.xlsx
SOP-ST-006-20280319,Store,SOP Review,Review SOP-ST-006 - Return of Empty Containers,SOP-ST-006,sop_review,two-yearly,specific_date,2028-03-19,2028-03-29,2026-03-20,,pending,,pending,Stores@enicarpharma.com,,,,SOP INDEX sheet STORE; issued 2026-03-20,QA_SOP/SOP INDEX.xlsx
SOP-ST-008-20280319,Store,SOP Review,Review SOP-ST-008 - Dispatch of Finish Goods,SOP-ST-008,sop_review,two-yearly,specific_date,2028-03-19,2028-03-29,2026-03-20,,pending,,pending,Stores@enicarpharma.com,,,,SOP INDEX sheet STORE; issued 2026-03-20,QA_SOP/SOP INDEX.xlsx
SOP-ST-015-20280319,Store,SOP Review,Review SOP-ST-015 - Transfer of Raw/ Packing Material to loan licensee Parties or Principal Company,SOP-ST-015,sop_review,two-yearly,specific_date,2028-03-19,2028-03-29,2026-03-20,,pending,,pending,Stores@enicarpharma.com,,,,SOP INDEX sheet STORE; issued 2026-03-20,QA_SOP/SOP INDEX.xlsx
SOP-ST-019-20280319,Store,SOP Review,Review SOP-ST-019 - Air Conditioning Machine,SOP-ST-019,sop_review,two-yearly,specific_date,2028-03-19,2028-03-29,2026-03-20,,pending,,pending,Stores@enicarpharma.com,,,,SOP INDEX sheet STORE; issued 2026-03-20,QA_SOP/SOP INDEX.xlsx
SOP-ST-022-20280319,Store,SOP Review,Review SOP-ST-022 - Reconciliation of Raw and Packing Material,SOP-ST-022,sop_review,two-yearly,specific_date,2028-03-19,2028-03-29,2026-03-20,,pending,,pending,Stores@enicarpharma.com,,,,SOP INDEX sheet STORE; issued 2026-03-20,QA_SOP/SOP INDEX.xlsx
SOP-ST-024-20280319,Store,SOP Review,Review SOP-ST-024 - Management of Locking System,SOP-ST-024,sop_review,two-yearly,specific_date,2028-03-19,2028-03-29,2026-03-20,,pending,,pending,Stores@enicarpharma.com,,,,SOP INDEX sheet STORE; issued 2026-03-20,QA_SOP/SOP INDEX.xlsx
SOP-ST-027-20280319,Store,SOP Review,"Review SOP-ST-027 - The Receipt, Storage And Handling of Packing Material",SOP-ST-027,sop_review,two-yearly,specific_date,2028-03-19,2028-03-29,2026-03-20,,pending,,pending,Stores@enicarpharma.com,,,,SOP INDEX sheet STORE; issued 2026-03-20,QA_SOP/SOP INDEX.xlsx
SOP-ST-010-20280320,Store,SOP Review,Review SOP-ST-010 - Vacuum Cleaner,SOP-ST-010,sop_review,two-yearly,specific_date,2028-03-20,2028-03-30,2026-03-21,,pending,,pending,Stores@enicarpharma.com,,,,SOP INDEX sheet STORE; issued 2026-03-21,QA_SOP/SOP INDEX.xlsx
SOP-ST-013-20280320,Store,SOP Review,Review SOP-ST-013 - Vehicle Inspection,SOP-ST-013,sop_review,two-yearly,specific_date,2028-03-20,2028-03-30,2026-03-21,,pending,,pending,Stores@enicarpharma.com,,,,SOP INDEX sheet STORE; issued 2026-03-21,QA_SOP/SOP INDEX.xlsx
SOP-ST-020-20280320,Store,SOP Review,Review SOP-ST-020 - Goods Receipt Note Approval,SOP-ST-020,sop_review,two-yearly,specific_date,2028-03-20,2028-03-30,2026-03-21,,pending,,pending,Stores@enicarpharma.com,,,,SOP INDEX sheet STORE; issued 2026-03-21,QA_SOP/SOP INDEX.xlsx
SCP-ST-001-20280503,Store,SOP Review,Review SCP-ST-001 - Stores Department,SCP-ST-001,sop_review,two-yearly,specific_date,2028-05-03,2028-05-13,2026-05-04,,pending,,pending,Stores@enicarpharma.com,,,,SOP INDEX sheet STORE; issued 2026-05-04,QA_SOP/SOP INDEX.xlsx
SOP-ST-001-20280531,Store,SOP Review,"Review SOP-ST-001 - Receipt, Storage and Handling of Raw Material",SOP-ST-001,sop_review,two-yearly,specific_date,2028-05-31,2028-06-10,2026-06-01,,pending,,pending,Stores@enicarpharma.com,,,,SOP INDEX sheet STORE; issued 2026-06-01,QA_SOP/SOP INDEX.xlsx
