task_id,department,planner_type,task_name,equipment_or_item_id,activity_type,frequency,due_type,due_date,report_due_date,last_done_date,action_done_date,action_status,report_done_date,report_status,responsible_email,report_link,rescheduled_from,reschedule_reason,remarks,source_file
MIC-EMAIR-001-20260101,Micro,EM - Air Sampling,EM air sampling - Production Area (Unit 1- Second Floor),202/00,environmental_monitoring,per-schedule,specific_date,2026-01-01,2026-01-11,,,pending,,pending,micro@enicarpharma.com,,,,HIGH_FREQ; sheet: January,Micro/EM  Schedule-2026-Air Sampling Monitoring 2026.xlsx
MIC-EMSET-001-20260101,Micro,EM - Settle Plate,EM settle plate - Production area second floor Unit 1,116/01,environmental_monitoring,per-schedule,specific_date,2026-01-01,2026-01-11,,,pending,,pending,micro@enicarpharma.com,,,,HIGH_FREQ; sheet: January,Micro/EM  Schedule-2026-Settle Plate Monitoring 2026.xlsx
MIC-EMAIR-002-20260102,Micro,EM - Air Sampling,EM air sampling - Production Area (Unit 1- First Floor),203/00,environmental_monitoring,per-schedule,specific_date,2026-01-02,2026-01-12,,,pending,,pending,micro@enicarpharma.com,,,,HIGH_FREQ; sheet: January,Micro/EM  Schedule-2026-Air Sampling Monitoring 2026.xlsx
MIC-EMSET-002-20260102,Micro,EM - Settle Plate,EM settle plate - Production area First floor Unit 1,116A/01,environmental_monitoring,per-schedule,specific_date,2026-01-02,2026-01-12,,,pending,,pending,micro@enicarpharma.com,,,,HIGH_FREQ; sheet: January,Micro/EM  Schedule-2026-Settle Plate Monitoring 2026.xlsx
MIC-EMAIR-003-20260103,Micro,EM - Air Sampling,EM air sampling - Production Area (Unit 1- Ground Floor),204/00,environmental_monitoring,per-schedule,specific_date,2026-01-03,2026-01-13,,,pending,,pending,micro@enicarpharma.com,,,,HIGH_FREQ; sheet: January,Micro/EM  Schedule-2026-Air Sampling Monitoring 2026.xlsx
MIC-EMSET-003-20260103,Micro,EM - Settle Plate,EM settle plate - Production area ground floor Unit 1,123/01,environmental_monitoring,per-schedule,specific_date,2026-01-03,2026-01-13,,,pending,,pending,micro@enicarpharma.com,,,,HIGH_FREQ; sheet: January,Micro/EM  Schedule-2026-Settle Plate Monitoring 2026.xlsx
MIC-EMAIR-004-20260104,Micro,EM - Air Sampling,EM air sampling - Microbiology Section,205/00,environmental_monitoring,per-schedule,specific_date,2026-01-04,2026-01-14,,,pending,,pending,micro@enicarpharma.com,,,,HIGH_FREQ; sheet: January,Micro/EM  Schedule-2026-Air Sampling Monitoring 2026.xlsx
MIC-EMSET-004-20260104,Micro,EM - Settle Plate,EM settle plate - Micro section,128/01,environmental_monitoring,per-schedule,specific_date,2026-01-04,2026-01-14,,,pending,,pending,micro@enicarpharma.com,,,,HIGH_FREQ; sheet: January,Micro/EM  Schedule-2026-Settle Plate Monitoring 2026.xlsx
MIC-EMSET-005-20260105,Micro,EM - Settle Plate,EM settle plate - LAF MLT/Live culture,129/01,environmental_monitoring,per-schedule,specific_date,2026-01-05,2026-01-15,,,pending,,pending,micro@enicarpharma.com,,,,HIGH_FREQ; sheet: January,Micro/EM  Schedule-2026-Settle Plate Monitoring 2026.xlsx
MIC-EMAIR-005-20260106,Micro,EM - Air Sampling,EM air sampling - Ground Floor (Unit 2),206/00,environmental_monitoring,per-schedule,specific_date,2026-01-06,2026-01-16,,,pending,,pending,micro@enicarpharma.com,,,,HIGH_FREQ; sheet: January,Micro/EM  Schedule-2026-Air Sampling Monitoring 2026.xlsx
MIC-EMSET-006-20260106,Micro,EM - Settle Plate,EM settle plate - Ground floor Unit 2,157/01,environmental_monitoring,per-schedule,specific_date,2026-01-06,2026-01-16,,,pending,,pending,micro@enicarpharma.com,,,,HIGH_FREQ; sheet: January,Micro/EM  Schedule-2026-Settle Plate Monitoring 2026.xlsx
MIC-EMAIR-006-20260107,Micro,EM - Air Sampling,EM air sampling - First Floor- Production Service Area (Unit 2),207/00,environmental_monitoring,per-schedule,specific_date,2026-01-07,2026-01-17,,,pending,,pending,micro@enicarpharma.com,,,,HIGH_FREQ; sheet: January,Micro/EM  Schedule-2026-Air Sampling Monitoring 2026.xlsx
MIC-EMSET-007-20260107,Micro,EM - Settle Plate,EM settle plate - First floor Unit 2,158/01,environmental_monitoring,per-schedule,specific_date,2026-01-07,2026-01-17,,,pending,,pending,micro@enicarpharma.com,,,,HIGH_FREQ; sheet: January,Micro/EM  Schedule-2026-Settle Plate Monitoring 2026.xlsx
MIC-EMAIR-007-20260108,Micro,EM - Air Sampling,EM air sampling - Dynamic Passbox  (Unit 2),210/00,environmental_monitoring,per-schedule,specific_date,2026-01-08,2026-01-18,,,pending,,pending,micro@enicarpharma.com,,,,HIGH_FREQ; sheet: January,Micro/EM  Schedule-2026-Air Sampling Monitoring 2026.xlsx
MIC-EMSET-008-20260108,Micro,EM - Settle Plate,EM settle plate - First floor service area Unit 2,160/01,environmental_monitoring,per-schedule,specific_date,2026-01-08,2026-01-18,,,pending,,pending,micro@enicarpharma.com,,,,HIGH_FREQ; sheet: January,Micro/EM  Schedule-2026-Settle Plate Monitoring 2026.xlsx
MIC-EMAIR-008-20260109,Micro,EM - Air Sampling,"EM air sampling - Premixing, Storage And Filtration Area (Unit 2)",208/00,environmental_monitoring,per-schedule,specific_date,2026-01-09,2026-01-19,,,pending,,pending,micro@enicarpharma.com,,,,HIGH_FREQ; sheet: January,Micro/EM  Schedule-2026-Air Sampling Monitoring 2026.xlsx
MIC-EMSET-009-20260109,Micro,EM - Settle Plate,EM settle plate - Second floor premixing area Unit 2,161/01,environmental_monitoring,per-schedule,specific_date,2026-01-09,2026-01-19,,,pending,,pending,micro@enicarpharma.com,,,,HIGH_FREQ; sheet: January,Micro/EM  Schedule-2026-Settle Plate Monitoring 2026.xlsx
MIC-EMSET-010-20260110,Micro,EM - Settle Plate,EM settle plate - Second floor Unit 2,162/01,environmental_monitoring,per-schedule,specific_date,2026-01-10,2026-01-20,,,pending,,pending,micro@enicarpharma.com,,,,HIGH_FREQ; sheet: January,Micro/EM  Schedule-2026-Settle Plate Monitoring 2026.xlsx
MIC-EMSET-011-20260111,Micro,EM - Settle Plate,EM settle plate - Dynamic pass box unit Unit 2,163/01,environmental_monitoring,per-schedule,specific_date,2026-01-11,2026-01-21,,,pending,,pending,micro@enicarpharma.com,,,,HIGH_FREQ; sheet: January,Micro/EM  Schedule-2026-Settle Plate Monitoring 2026.xlsx
MIC-EMAIR-009-20260112,Micro,EM - Air Sampling,EM air sampling - Second Floor- Raw Material Unit 2,209/00,environmental_monitoring,per-schedule,specific_date,2026-01-12,2026-01-22,,,pending,,pending,micro@enicarpharma.com,,,,HIGH_FREQ; sheet: January,Micro/EM  Schedule-2026-Air Sampling Monitoring 2026.xlsx
MIC-EMSET-012-20260112,Micro,EM - Settle Plate,EM settle plate - Dispensing LAF active/inactive,164/02,environmental_monitoring,per-schedule,specific_date,2026-01-12,2026-01-22,,,pending,,pending,micro@enicarpharma.com,,,,HIGH_FREQ; sheet: January,Micro/EM  Schedule-2026-Settle Plate Monitoring 2026.xlsx
MIC-EMSET-013-20260113,Micro,EM - Settle Plate,EM settle plate - Sampling LAF active/inactive,165/02,environmental_monitoring,per-schedule,specific_date,2026-01-13,2026-01-23,,,pending,,pending,micro@enicarpharma.com,,,,HIGH_FREQ; sheet: January,Micro/EM  Schedule-2026-Settle Plate Monitoring 2026.xlsx
MIC-EMSET-014-20260114,Micro,EM - Settle Plate,EM settle plate - Ointment mfg area,193/00,environmental_monitoring,per-schedule,specific_date,2026-01-14,2026-01-24,,,pending,,pending,micro@enicarpharma.com,,,,HIGH_FREQ; sheet: January,Micro/EM  Schedule-2026-Settle Plate Monitoring 2026.xlsx
MIC-EMSET-015-20260115,Micro,EM - Settle Plate,EM settle plate - External preparation mfg area,194/00,environmental_monitoring,per-schedule,specific_date,2026-01-15,2026-01-25,,,pending,,pending,micro@enicarpharma.com,,,,HIGH_FREQ; sheet: January,Micro/EM  Schedule-2026-Settle Plate Monitoring 2026.xlsx
MIC-EMSET-016-20260116,Micro,EM - Settle Plate,EM settle plate - Production area Unit-I filling line 5 Unit 1,195/00,environmental_monitoring,per-schedule,specific_date,2026-01-16,2026-01-26,,,pending,,pending,micro@enicarpharma.com,,,,HIGH_FREQ; sheet: January,Micro/EM  Schedule-2026-Settle Plate Monitoring 2026.xlsx
MIC-EMAIR-001-20260202,Micro,EM - Air Sampling,EM air sampling - Production Area (Unit 1- Second Floor),202/00,environmental_monitoring,per-schedule,specific_date,2026-02-02,2026-02-12,,,pending,,pending,micro@enicarpharma.com,,,,HIGH_FREQ; sheet: February,Micro/EM  Schedule-2026-Air Sampling Monitoring 2026.xlsx
MIC-EMSET-001-20260202,Micro,EM - Settle Plate,EM settle plate - Production area second floor Unit 1,116/01,environmental_monitoring,per-schedule,specific_date,2026-02-02,2026-02-12,,,pending,,pending,micro@enicarpharma.com,,,,HIGH_FREQ; sheet: February,Micro/EM  Schedule-2026-Settle Plate Monitoring 2026.xlsx
MIC-EMAIR-002-20260203,Micro,EM - Air Sampling,EM air sampling - Production Area (Unit 1- First Floor),203/00,environmental_monitoring,per-schedule,specific_date,2026-02-03,2026-02-13,,,pending,,pending,micro@enicarpharma.com,,,,HIGH_FREQ; sheet: February,Micro/EM  Schedule-2026-Air Sampling Monitoring 2026.xlsx
MIC-EMSET-002-20260203,Micro,EM - Settle Plate,EM settle plate - Production area First floor Unit 1,116/01,environmental_monitoring,per-schedule,specific_date,2026-02-03,2026-02-13,,,pending,,pending,micro@enicarpharma.com,,,,HIGH_FREQ; sheet: February,Micro/EM  Schedule-2026-Settle Plate Monitoring 2026.xlsx
MIC-EMAIR-003-20260204,Micro,EM - Air Sampling,EM air sampling - Production Area (Unit 1- Ground Floor),204/00,environmental_monitoring,per-schedule,specific_date,2026-02-04,2026-02-14,,,pending,,pending,micro@enicarpharma.com,,,,HIGH_FREQ; sheet: February,Micro/EM  Schedule-2026-Air Sampling Monitoring 2026.xlsx
MIC-EMSET-003-20260204,Micro,EM - Settle Plate,EM settle plate - Production area ground floor Unit 1,123/01,environmental_monitoring,per-schedule,specific_date,2026-02-04,2026-02-14,,,pending,,pending,micro@enicarpharma.com,,,,HIGH_FREQ; sheet: February,Micro/EM  Schedule-2026-Settle Plate Monitoring 2026.xlsx
MIC-EMAIR-004-20260205,Micro,EM - Air Sampling,EM air sampling - Microbiology Section,205/00,environmental_monitoring,per-schedule,specific_date,2026-02-05,2026-02-15,,,pending,,pending,micro@enicarpharma.com,,,,HIGH_FREQ; sheet: February,Micro/EM  Schedule-2026-Air Sampling Monitoring 2026.xlsx
MIC-EMSET-004-20260205,Micro,EM - Settle Plate,EM settle plate - Micro section,128/01,environmental_monitoring,per-schedule,specific_date,2026-02-05,2026-02-15,,,pending,,pending,micro@enicarpharma.com,,,,HIGH_FREQ; sheet: February,Micro/EM  Schedule-2026-Settle Plate Monitoring 2026.xlsx
MIC-EMSET-005-20260206,Micro,EM - Settle Plate,EM settle plate - LAF MLT/Live culture,129/01,environmental_monitoring,per-schedule,specific_date,2026-02-06,2026-02-16,,,pending,,pending,micro@enicarpharma.com,,,,HIGH_FREQ; sheet: February,Micro/EM  Schedule-2026-Settle Plate Monitoring 2026.xlsx
MIC-EMAIR-005-20260207,Micro,EM - Air Sampling,EM air sampling - Ground Floor (Unit 2),206/00,environmental_monitoring,per-schedule,specific_date,2026-02-07,2026-02-17,,,pending,,pending,micro@enicarpharma.com,,,,HIGH_FREQ; sheet: February,Micro/EM  Schedule-2026-Air Sampling Monitoring 2026.xlsx
MIC-EMSET-006-20260207,Micro,EM - Settle Plate,EM settle plate - Ground floor Unit 2,157/01,environmental_monitoring,per-schedule,specific_date,2026-02-07,2026-02-17,,,pending,,pending,micro@enicarpharma.com,,,,HIGH_FREQ; sheet: February,Micro/EM  Schedule-2026-Settle Plate Monitoring 2026.xlsx
MIC-EMAIR-006-20260208,Micro,EM - Air Sampling,EM air sampling - First Floor- Production Service Area (Unit 2),207/00,environmental_monitoring,per-schedule,specific_date,2026-02-08,2026-02-18,,,pending,,pending,micro@enicarpharma.com,,,,HIGH_FREQ; sheet: February,Micro/EM  Schedule-2026-Air Sampling Monitoring 2026.xlsx
MIC-EMSET-007-20260208,Micro,EM - Settle Plate,EM settle plate - First floor Unit 2,158/01,environmental_monitoring,per-schedule,specific_date,2026-02-08,2026-02-18,,,pending,,pending,micro@enicarpharma.com,,,,HIGH_FREQ; sheet: February,Micro/EM  Schedule-2026-Settle Plate Monitoring 2026.xlsx
MIC-EMAIR-010-20260209,Micro,EM - Air Sampling,EM air sampling - Dynamic Passbox,210/00,environmental_monitoring,per-schedule,specific_date,2026-02-09,2026-02-19,,,pending,,pending,micro@enicarpharma.com,,,,HIGH_FREQ; sheet: February,Micro/EM  Schedule-2026-Air Sampling Monitoring 2026.xlsx
MIC-EMSET-008-20260209,Micro,EM - Settle Plate,EM settle plate - First floor service area Unit 2,160/01,environmental_monitoring,per-schedule,specific_date,2026-02-09,2026-02-19,,,pending,,pending,micro@enicarpharma.com,,,,HIGH_FREQ; sheet: February,Micro/EM  Schedule-2026-Settle Plate Monitoring 2026.xlsx
MIC-EMAIR-008-20260210,Micro,EM - Air Sampling,"EM air sampling - Premixing, Storage And Filtration Area (Unit 2)",208/00,environmental_monitoring,per-schedule,specific_date,2026-02-10,2026-02-20,,,pending,,pending,micro@enicarpharma.com,,,,HIGH_FREQ; sheet: February,Micro/EM  Schedule-2026-Air Sampling Monitoring 2026.xlsx
MIC-EMSET-009-20260210,Micro,EM - Settle Plate,EM settle plate - Second floor premixing area Unit 2,161/01,environmental_monitoring,per-schedule,specific_date,2026-02-10,2026-02-20,,,pending,,pending,micro@enicarpharma.com,,,,HIGH_FREQ; sheet: February,Micro/EM  Schedule-2026-Settle Plate Monitoring 2026.xlsx
MIC-EMSET-010-20260211,Micro,EM - Settle Plate,EM settle plate - Second floor Unit 2,162/01,environmental_monitoring,per-schedule,specific_date,2026-02-11,2026-02-21,,,pending,,pending,micro@enicarpharma.com,,,,HIGH_FREQ; sheet: February,Micro/EM  Schedule-2026-Settle Plate Monitoring 2026.xlsx
MIC-EMSET-017-20260212,Micro,EM - Settle Plate,EM settle plate - Dynamic pass box  Unit 2,163/01,environmental_monitoring,per-schedule,specific_date,2026-02-12,2026-02-22,,,pending,,pending,micro@enicarpharma.com,,,,HIGH_FREQ; sheet: February,Micro/EM  Schedule-2026-Settle Plate Monitoring 2026.xlsx
MIC-EMAIR-009-20260213,Micro,EM - Air Sampling,EM air sampling - Second Floor- Raw Material Unit 2,209/00,environmental_monitoring,per-schedule,specific_date,2026-02-13,2026-02-23,,,pending,,pending,micro@enicarpharma.com,,,,HIGH_FREQ; sheet: February,Micro/EM  Schedule-2026-Air Sampling Monitoring 2026.xlsx
MIC-EMSET-012-20260213,Micro,EM - Settle Plate,EM settle plate - Dispensing LAF active/inactive,164/02,environmental_monitoring,per-schedule,specific_date,2026-02-13,2026-02-23,,,pending,,pending,micro@enicarpharma.com,,,,HIGH_FREQ; sheet: February,Micro/EM  Schedule-2026-Settle Plate Monitoring 2026.xlsx
MIC-EMSET-013-20260214,Micro,EM - Settle Plate,EM settle plate - Sampling LAF active/inactive,165/02,environmental_monitoring,per-schedule,specific_date,2026-02-14,2026-02-24,,,pending,,pending,micro@enicarpharma.com,,,,HIGH_FREQ; sheet: February,Micro/EM  Schedule-2026-Settle Plate Monitoring 2026.xlsx
MIC-EMSET-014-20260215,Micro,EM - Settle Plate,EM settle plate - Ointment mfg area,193/00,environmental_monitoring,per-schedule,specific_date,2026-02-15,2026-02-25,,,pending,,pending,micro@enicarpharma.com,,,,HIGH_FREQ; sheet: February,Micro/EM  Schedule-2026-Settle Plate Monitoring 2026.xlsx
MIC-EMSET-015-20260216,Micro,EM - Settle Plate,EM settle plate - External preparation mfg area,194/00,environmental_monitoring,per-schedule,specific_date,2026-02-16,2026-02-26,,,pending,,pending,micro@enicarpharma.com,,,,HIGH_FREQ; sheet: February,Micro/EM  Schedule-2026-Settle Plate Monitoring 2026.xlsx
MIC-EMSET-016-20260217,Micro,EM - Settle Plate,EM settle plate - Production area Unit-I filling line 5 Unit 1,195/00,environmental_monitoring,per-schedule,specific_date,2026-02-17,2026-02-27,,,pending,,pending,micro@enicarpharma.com,,,,HIGH_FREQ; sheet: February,Micro/EM  Schedule-2026-Settle Plate Monitoring 2026.xlsx
MIC-EMAIR-001-20260304,Micro,EM - Air Sampling,EM air sampling - Production Area (Unit 1- Second Floor),202/00,environmental_monitoring,per-schedule,specific_date,2026-03-04,2026-03-14,,,pending,,pending,micro@enicarpharma.com,,,,HIGH_FREQ; sheet: March,Micro/EM  Schedule-2026-Air Sampling Monitoring 2026.xlsx
MIC-EMSET-003-20260304,Micro,EM - Settle Plate,EM settle plate - Production area ground floor Unit 1,123/01,environmental_monitoring,per-schedule,specific_date,2026-03-04,2026-03-14,,,pending,,pending,micro@enicarpharma.com,,,,HIGH_FREQ; sheet: March,Micro/EM  Schedule-2026-Settle Plate Monitoring 2026.xlsx
MIC-EMAIR-002-20260305,Micro,EM - Air Sampling,EM air sampling - Production Area (Unit 1- First Floor),203/00,environmental_monitoring,per-schedule,specific_date,2026-03-05,2026-03-15,,,pending,,pending,micro@enicarpharma.com,,,,HIGH_FREQ; sheet: March,Micro/EM  Schedule-2026-Air Sampling Monitoring 2026.xlsx
MIC-EMSET-004-20260305,Micro,EM - Settle Plate,EM settle plate - Micro section,128/01,environmental_monitoring,per-schedule,specific_date,2026-03-05,2026-03-15,,,pending,,pending,micro@enicarpharma.com,,,,HIGH_FREQ; sheet: March,Micro/EM  Schedule-2026-Settle Plate Monitoring 2026.xlsx
MIC-EMAIR-003-20260306,Micro,EM - Air Sampling,EM air sampling - Production Area (Unit 1- Ground Floor),204/00,environmental_monitoring,per-schedule,specific_date,2026-03-06,2026-03-16,,,pending,,pending,micro@enicarpharma.com,,,,HIGH_FREQ; sheet: March,Micro/EM  Schedule-2026-Air Sampling Monitoring 2026.xlsx
MIC-EMSET-001-20260306,Micro,EM - Settle Plate,EM settle plate - Production area second floor Unit 1,116/01,environmental_monitoring,per-schedule,specific_date,2026-03-06,2026-03-16,,,pending,,pending,micro@enicarpharma.com,,,,HIGH_FREQ; sheet: March,Micro/EM  Schedule-2026-Settle Plate Monitoring 2026.xlsx
MIC-EMAIR-004-20260307,Micro,EM - Air Sampling,EM air sampling - Microbiology Section,205/00,environmental_monitoring,per-schedule,specific_date,2026-03-07,2026-03-17,,,pending,,pending,micro@enicarpharma.com,,,,HIGH_FREQ; sheet: March,Micro/EM  Schedule-2026-Air Sampling Monitoring 2026.xlsx
MIC-EMSET-002-20260307,Micro,EM - Settle Plate,EM settle plate - Production area First floor Unit 1,116/01,environmental_monitoring,per-schedule,specific_date,2026-03-07,2026-03-17,,,pending,,pending,micro@enicarpharma.com,,,,HIGH_FREQ; sheet: March,Micro/EM  Schedule-2026-Settle Plate Monitoring 2026.xlsx
MIC-EMSET-005-20260311,Micro,EM - Settle Plate,EM settle plate - LAF MLT/Live culture,129/01,environmental_monitoring,per-schedule,specific_date,2026-03-11,2026-03-21,,,pending,,pending,micro@enicarpharma.com,,,,HIGH_FREQ; sheet: March,Micro/EM  Schedule-2026-Settle Plate Monitoring 2026.xlsx
MIC-EMAIR-005-20260312,Micro,EM - Air Sampling,EM air sampling - Ground Floor (Unit 2),206/00,environmental_monitoring,per-schedule,specific_date,2026-03-12,2026-03-22,,,pending,,pending,micro@enicarpharma.com,,,,HIGH_FREQ; sheet: March,Micro/EM  Schedule-2026-Air Sampling Monitoring 2026.xlsx
MIC-EMSET-006-20260312,Micro,EM - Settle Plate,EM settle plate - Ground floor Unit 2,157/01,environmental_monitoring,per-schedule,specific_date,2026-03-12,2026-03-22,,,pending,,pending,micro@enicarpharma.com,,,,HIGH_FREQ; sheet: March,Micro/EM  Schedule-2026-Settle Plate Monitoring 2026.xlsx
MIC-EMAIR-006-20260313,Micro,EM - Air Sampling,EM air sampling - First Floor- Production Service Area (Unit 2),207/00,environmental_monitoring,per-schedule,specific_date,2026-03-13,2026-03-23,,,pending,,pending,micro@enicarpharma.com,,,,HIGH_FREQ; sheet: March,Micro/EM  Schedule-2026-Air Sampling Monitoring 2026.xlsx
MIC-EMSET-007-20260313,Micro,EM - Settle Plate,EM settle plate - First floor Unit 2,158/01,environmental_monitoring,per-schedule,specific_date,2026-03-13,2026-03-23,,,pending,,pending,micro@enicarpharma.com,,,,HIGH_FREQ; sheet: March,Micro/EM  Schedule-2026-Settle Plate Monitoring 2026.xlsx
MIC-EMAIR-011-20260314,Micro,EM - Air Sampling,EM air sampling - Dynamic Passbox (Unit 2),210/00,environmental_monitoring,per-schedule,specific_date,2026-03-14,2026-03-24,,,pending,,pending,micro@enicarpharma.com,,,,HIGH_FREQ; sheet: March,Micro/EM  Schedule-2026-Air Sampling Monitoring 2026.xlsx
MIC-EMSET-008-20260314,Micro,EM - Settle Plate,EM settle plate - First floor service area Unit 2,160/01,environmental_monitoring,per-schedule,specific_date,2026-03-14,2026-03-24,,,pending,,pending,micro@enicarpharma.com,,,,HIGH_FREQ; sheet: March,Micro/EM  Schedule-2026-Settle Plate Monitoring 2026.xlsx
MIC-EMAIR-008-20260316,Micro,EM - Air Sampling,"EM air sampling - Premixing, Storage And Filtration Area (Unit 2)",208/00,environmental_monitoring,per-schedule,specific_date,2026-03-16,2026-03-26,,,pending,,pending,micro@enicarpharma.com,,,,HIGH_FREQ; sheet: March,Micro/EM  Schedule-2026-Air Sampling Monitoring 2026.xlsx
MIC-EMSET-009-20260316,Micro,EM - Settle Plate,EM settle plate - Second floor premixing area Unit 2,161/01,environmental_monitoring,per-schedule,specific_date,2026-03-16,2026-03-26,,,pending,,pending,micro@enicarpharma.com,,,,HIGH_FREQ; sheet: March,Micro/EM  Schedule-2026-Settle Plate Monitoring 2026.xlsx
MIC-EMSET-010-20260317,Micro,EM - Settle Plate,EM settle plate - Second floor Unit 2,162/01,environmental_monitoring,per-schedule,specific_date,2026-03-17,2026-03-27,,,pending,,pending,micro@enicarpharma.com,,,,HIGH_FREQ; sheet: March,Micro/EM  Schedule-2026-Settle Plate Monitoring 2026.xlsx
MIC-EMSET-018-20260318,Micro,EM - Settle Plate,EM settle plate - Dynamic pass box unit 2,163/01,environmental_monitoring,per-schedule,specific_date,2026-03-18,2026-03-28,,,pending,,pending,micro@enicarpharma.com,,,,HIGH_FREQ; sheet: March,Micro/EM  Schedule-2026-Settle Plate Monitoring 2026.xlsx
MIC-EMAIR-009-20260319,Micro,EM - Air Sampling,EM air sampling - Second Floor- Raw Material Unit 2,209/00,environmental_monitoring,per-schedule,specific_date,2026-03-19,2026-03-29,,,pending,,pending,micro@enicarpharma.com,,,,HIGH_FREQ; sheet: March,Micro/EM  Schedule-2026-Air Sampling Monitoring 2026.xlsx
MIC-EMSET-012-20260319,Micro,EM - Settle Plate,EM settle plate - Dispensing LAF active/inactive,164/02,environmental_monitoring,per-schedule,specific_date,2026-03-19,2026-03-29,,,pending,,pending,micro@enicarpharma.com,,,,HIGH_FREQ; sheet: March,Micro/EM  Schedule-2026-Settle Plate Monitoring 2026.xlsx
MIC-EMSET-013-20260323,Micro,EM - Settle Plate,EM settle plate - Sampling LAF active/inactive,165/02,environmental_monitoring,per-schedule,specific_date,2026-03-23,2026-04-02,,,pending,,pending,micro@enicarpharma.com,,,,HIGH_FREQ; sheet: March,Micro/EM  Schedule-2026-Settle Plate Monitoring 2026.xlsx
MIC-EMSET-014-20260324,Micro,EM - Settle Plate,EM settle plate - Ointment mfg area,193/00,environmental_monitoring,per-schedule,specific_date,2026-03-24,2026-04-03,,,pending,,pending,micro@enicarpharma.com,,,,HIGH_FREQ; sheet: March,Micro/EM  Schedule-2026-Settle Plate Monitoring 2026.xlsx
MIC-EMSET-015-20260325,Micro,EM - Settle Plate,EM settle plate - External preparation mfg area,194/00,environmental_monitoring,per-schedule,specific_date,2026-03-25,2026-04-04,,,pending,,pending,micro@enicarpharma.com,,,,HIGH_FREQ; sheet: March,Micro/EM  Schedule-2026-Settle Plate Monitoring 2026.xlsx
MIC-EMSET-016-20260326,Micro,EM - Settle Plate,EM settle plate - Production area Unit-I filling line 5 Unit 1,195/00,environmental_monitoring,per-schedule,specific_date,2026-03-26,2026-04-05,,,pending,,pending,micro@enicarpharma.com,,,,HIGH_FREQ; sheet: March,Micro/EM  Schedule-2026-Settle Plate Monitoring 2026.xlsx
MIC-EMAIR-001-20260401,Micro,EM - Air Sampling,EM air sampling - Production Area (Unit 1- Second Floor),202/00,environmental_monitoring,per-schedule,specific_date,2026-04-01,2026-04-11,,,pending,,pending,micro@enicarpharma.com,,,,HIGH_FREQ; sheet: April,Micro/EM  Schedule-2026-Air Sampling Monitoring 2026.xlsx
MIC-EMSET-001-20260401,Micro,EM - Settle Plate,EM settle plate - Production area second floor Unit 1,116/01,environmental_monitoring,per-schedule,specific_date,2026-04-01,2026-04-11,,,pending,,pending,micro@enicarpharma.com,,,,HIGH_FREQ; sheet: April,Micro/EM  Schedule-2026-Settle Plate Monitoring 2026.xlsx
MIC-EMAIR-002-20260402,Micro,EM - Air Sampling,EM air sampling - Production Area (Unit 1- First Floor),203/00,environmental_monitoring,per-schedule,specific_date,2026-04-02,2026-04-12,,,pending,,pending,micro@enicarpharma.com,,,,HIGH_FREQ; sheet: April,Micro/EM  Schedule-2026-Air Sampling Monitoring 2026.xlsx
MIC-EMSET-002-20260402,Micro,EM - Settle Plate,EM settle plate - Production area First floor Unit 1,116A/01,environmental_monitoring,per-schedule,specific_date,2026-04-02,2026-04-12,,,pending,,pending,micro@enicarpharma.com,,,,HIGH_FREQ; sheet: April,Micro/EM  Schedule-2026-Settle Plate Monitoring 2026.xlsx
MIC-EMAIR-003-20260403,Micro,EM - Air Sampling,EM air sampling - Production Area (Unit 1- Ground Floor),204/00,environmental_monitoring,per-schedule,specific_date,2026-04-03,2026-04-13,,,pending,,pending,micro@enicarpharma.com,,,,HIGH_FREQ; sheet: April,Micro/EM  Schedule-2026-Air Sampling Monitoring 2026.xlsx
MIC-EMSET-003-20260403,Micro,EM - Settle Plate,EM settle plate - Production area ground floor Unit 1,123/01,environmental_monitoring,per-schedule,specific_date,2026-04-03,2026-04-13,,,pending,,pending,micro@enicarpharma.com,,,,HIGH_FREQ; sheet: April,Micro/EM  Schedule-2026-Settle Plate Monitoring 2026.xlsx
MIC-EMAIR-004-20260404,Micro,EM - Air Sampling,EM air sampling - Microbiology Section,205/00,environmental_monitoring,per-schedule,specific_date,2026-04-04,2026-04-14,,,pending,,pending,micro@enicarpharma.com,,,,HIGH_FREQ; sheet: April,Micro/EM  Schedule-2026-Air Sampling Monitoring 2026.xlsx
MIC-EMSET-004-20260404,Micro,EM - Settle Plate,EM settle plate - Micro section,128/01,environmental_monitoring,per-schedule,specific_date,2026-04-04,2026-04-14,,,pending,,pending,micro@enicarpharma.com,,,,HIGH_FREQ; sheet: April,Micro/EM  Schedule-2026-Settle Plate Monitoring 2026.xlsx
MIC-EMAIR-005-20260408,Micro,EM - Air Sampling,EM air sampling - Ground Floor (Unit 2),206/00,environmental_monitoring,per-schedule,specific_date,2026-04-08,2026-04-18,,,pending,,pending,micro@enicarpharma.com,,,,HIGH_FREQ; sheet: April,Micro/EM  Schedule-2026-Air Sampling Monitoring 2026.xlsx
MIC-EMSET-005-20260408,Micro,EM - Settle Plate,EM settle plate - LAF MLT/Live culture,129/01,environmental_monitoring,per-schedule,specific_date,2026-04-08,2026-04-18,,,pending,,pending,micro@enicarpharma.com,,,,HIGH_FREQ; sheet: April,Micro/EM  Schedule-2026-Settle Plate Monitoring 2026.xlsx
MIC-EMAIR-006-20260409,Micro,EM - Air Sampling,EM air sampling - First Floor- Production Service Area (Unit 2),207/00,environmental_monitoring,per-schedule,specific_date,2026-04-09,2026-04-19,,,pending,,pending,micro@enicarpharma.com,,,,HIGH_FREQ; sheet: April,Micro/EM  Schedule-2026-Air Sampling Monitoring 2026.xlsx
MIC-EMSET-006-20260409,Micro,EM - Settle Plate,EM settle plate - Ground floor Unit 2,157/01,environmental_monitoring,per-schedule,specific_date,2026-04-09,2026-04-19,,,pending,,pending,micro@enicarpharma.com,,,,HIGH_FREQ; sheet: April,Micro/EM  Schedule-2026-Settle Plate Monitoring 2026.xlsx
MIC-EMAIR-011-20260410,Micro,EM - Air Sampling,EM air sampling - Dynamic Passbox (Unit 2),210/00,environmental_monitoring,per-schedule,specific_date,2026-04-10,2026-04-20,,,pending,,pending,micro@enicarpharma.com,,,,HIGH_FREQ; sheet: April,Micro/EM  Schedule-2026-Air Sampling Monitoring 2026.xlsx
MIC-EMSET-007-20260410,Micro,EM - Settle Plate,EM settle plate - First floor Unit 2,158/01,environmental_monitoring,per-schedule,specific_date,2026-04-10,2026-04-20,,,pending,,pending,micro@enicarpharma.com,,,,HIGH_FREQ; sheet: April,Micro/EM  Schedule-2026-Settle Plate Monitoring 2026.xlsx
MIC-EMSET-008-20260411,Micro,EM - Settle Plate,EM settle plate - First floor service area Unit 2,160/01,environmental_monitoring,per-schedule,specific_date,2026-04-11,2026-04-21,,,pending,,pending,micro@enicarpharma.com,,,,HIGH_FREQ; sheet: April,Micro/EM  Schedule-2026-Settle Plate Monitoring 2026.xlsx
MIC-EMAIR-008-20260415,Micro,EM - Air Sampling,"EM air sampling - Premixing, Storage And Filtration Area (Unit 2)",208/00,environmental_monitoring,per-schedule,specific_date,2026-04-15,2026-04-25,,,pending,,pending,micro@enicarpharma.com,,,,HIGH_FREQ; sheet: April,Micro/EM  Schedule-2026-Air Sampling Monitoring 2026.xlsx
MIC-EMSET-009-20260415,Micro,EM - Settle Plate,EM settle plate - Second floor premixing area Unit 2,161/01,environmental_monitoring,per-schedule,specific_date,2026-04-15,2026-04-25,,,pending,,pending,micro@enicarpharma.com,,,,HIGH_FREQ; sheet: April,Micro/EM  Schedule-2026-Settle Plate Monitoring 2026.xlsx
MIC-EMSET-010-20260416,Micro,EM - Settle Plate,EM settle plate - Second floor Unit 2,162/01,environmental_monitoring,per-schedule,specific_date,2026-04-16,2026-04-26,,,pending,,pending,micro@enicarpharma.com,,,,HIGH_FREQ; sheet: April,Micro/EM  Schedule-2026-Settle Plate Monitoring 2026.xlsx
MIC-EMSET-019-20260417,Micro,EM - Settle Plate,EM settle plate - Dynamic pass box unit,163/01,environmental_monitoring,per-schedule,specific_date,2026-04-17,2026-04-27,,,pending,,pending,micro@enicarpharma.com,,,,HIGH_FREQ; sheet: April,Micro/EM  Schedule-2026-Settle Plate Monitoring 2026.xlsx
MIC-EMAIR-009-20260418,Micro,EM - Air Sampling,EM air sampling - Second Floor- Raw Material Unit 2,209/00,environmental_monitoring,per-schedule,specific_date,2026-04-18,2026-04-28,,,pending,,pending,micro@enicarpharma.com,,,,HIGH_FREQ; sheet: April,Micro/EM  Schedule-2026-Air Sampling Monitoring 2026.xlsx
MIC-EMSET-012-20260418,Micro,EM - Settle Plate,EM settle plate - Dispensing LAF active/inactive,164/02,environmental_monitoring,per-schedule,specific_date,2026-04-18,2026-04-28,,,pending,,pending,micro@enicarpharma.com,,,,HIGH_FREQ; sheet: April,Micro/EM  Schedule-2026-Settle Plate Monitoring 2026.xlsx
MIC-EMSET-013-20260422,Micro,EM - Settle Plate,EM settle plate - Sampling LAF active/inactive,165/02,environmental_monitoring,per-schedule,specific_date,2026-04-22,2026-05-02,,,pending,,pending,micro@enicarpharma.com,,,,HIGH_FREQ; sheet: April,Micro/EM  Schedule-2026-Settle Plate Monitoring 2026.xlsx
MIC-EMSET-014-20260423,Micro,EM - Settle Plate,EM settle plate - Ointment mfg area,193/00,environmental_monitoring,per-schedule,specific_date,2026-04-23,2026-05-03,,,pending,,pending,micro@enicarpharma.com,,,,HIGH_FREQ; sheet: April,Micro/EM  Schedule-2026-Settle Plate Monitoring 2026.xlsx
MIC-EMSET-015-20260424,Micro,EM - Settle Plate,EM settle plate - External preparation mfg area,194/00,environmental_monitoring,per-schedule,specific_date,2026-04-24,2026-05-04,,,pending,,pending,micro@enicarpharma.com,,,,HIGH_FREQ; sheet: April,Micro/EM  Schedule-2026-Settle Plate Monitoring 2026.xlsx
MIC-EMSET-016-20260425,Micro,EM - Settle Plate,EM settle plate - Production area Unit-I filling line 5 Unit 1,195/00,environmental_monitoring,per-schedule,specific_date,2026-04-25,2026-05-05,,,pending,,pending,micro@enicarpharma.com,,,,HIGH_FREQ; sheet: April,Micro/EM  Schedule-2026-Settle Plate Monitoring 2026.xlsx
MIC-EMAIR-001-20260501,Micro,EM - Air Sampling,EM air sampling - Production Area (Unit 1- Second Floor),202/00,environmental_monitoring,per-schedule,specific_date,2026-05-01,2026-05-11,,,pending,,pending,micro@enicarpharma.com,,,,HIGH_FREQ; sheet: May,Micro/EM  Schedule-2026-Air Sampling Monitoring 2026.xlsx
MIC-EMSET-001-20260501,Micro,EM - Settle Plate,EM settle plate - Production area second floor Unit 1,116/01,environmental_monitoring,per-schedule,specific_date,2026-05-01,2026-05-11,,,pending,,pending,micro@enicarpharma.com,,,,HIGH_FREQ; sheet: May,Micro/EM  Schedule-2026-Settle Plate Monitoring 2026.xlsx
MIC-EMAIR-002-20260502,Micro,EM - Air Sampling,EM air sampling - Production Area (Unit 1- First Floor),203/00,environmental_monitoring,per-schedule,specific_date,2026-05-02,2026-05-12,,,pending,,pending,micro@enicarpharma.com,,,,HIGH_FREQ; sheet: May,Micro/EM  Schedule-2026-Air Sampling Monitoring 2026.xlsx
MIC-EMSET-002-20260502,Micro,EM - Settle Plate,EM settle plate - Production area First floor Unit 1,116A/01,environmental_monitoring,per-schedule,specific_date,2026-05-02,2026-05-12,,,pending,,pending,micro@enicarpharma.com,,,,HIGH_FREQ; sheet: May,Micro/EM  Schedule-2026-Settle Plate Monitoring 2026.xlsx
MIC-EMAIR-003-20260503,Micro,EM - Air Sampling,EM air sampling - Production Area (Unit 1- Ground Floor),204/00,environmental_monitoring,per-schedule,specific_date,2026-05-03,2026-05-13,,,pending,,pending,micro@enicarpharma.com,,,,HIGH_FREQ; sheet: May,Micro/EM  Schedule-2026-Air Sampling Monitoring 2026.xlsx
MIC-EMSET-003-20260503,Micro,EM - Settle Plate,EM settle plate - Production area ground floor Unit 1,123/01,environmental_monitoring,per-schedule,specific_date,2026-05-03,2026-05-13,,,pending,,pending,micro@enicarpharma.com,,,,HIGH_FREQ; sheet: May,Micro/EM  Schedule-2026-Settle Plate Monitoring 2026.xlsx
MIC-EMAIR-004-20260504,Micro,EM - Air Sampling,EM air sampling - Microbiology Section,205/00,environmental_monitoring,per-schedule,specific_date,2026-05-04,2026-05-14,,,pending,,pending,micro@enicarpharma.com,,,,HIGH_FREQ; sheet: May,Micro/EM  Schedule-2026-Air Sampling Monitoring 2026.xlsx
MIC-EMSET-004-20260504,Micro,EM - Settle Plate,EM settle plate - Micro section,128/01,environmental_monitoring,per-schedule,specific_date,2026-05-04,2026-05-14,,,pending,,pending,micro@enicarpharma.com,,,,HIGH_FREQ; sheet: May,Micro/EM  Schedule-2026-Settle Plate Monitoring 2026.xlsx
MIC-EMAIR-005-20260508,Micro,EM - Air Sampling,EM air sampling - Ground Floor (Unit 2),206/00,environmental_monitoring,per-schedule,specific_date,2026-05-08,2026-05-18,,,pending,,pending,micro@enicarpharma.com,,,,HIGH_FREQ; sheet: May,Micro/EM  Schedule-2026-Air Sampling Monitoring 2026.xlsx
MIC-EMSET-005-20260508,Micro,EM - Settle Plate,EM settle plate - LAF MLT/Live culture,129/01,environmental_monitoring,per-schedule,specific_date,2026-05-08,2026-05-18,,,pending,,pending,micro@enicarpharma.com,,,,HIGH_FREQ; sheet: May,Micro/EM  Schedule-2026-Settle Plate Monitoring 2026.xlsx
MIC-EMAIR-006-20260509,Micro,EM - Air Sampling,EM air sampling - First Floor- Production Service Area (Unit 2),207/00,environmental_monitoring,per-schedule,specific_date,2026-05-09,2026-05-19,,,pending,,pending,micro@enicarpharma.com,,,,HIGH_FREQ; sheet: May,Micro/EM  Schedule-2026-Air Sampling Monitoring 2026.xlsx
MIC-EMSET-006-20260509,Micro,EM - Settle Plate,EM settle plate - Ground floor Unit 2,157/01,environmental_monitoring,per-schedule,specific_date,2026-05-09,2026-05-19,,,pending,,pending,micro@enicarpharma.com,,,,HIGH_FREQ; sheet: May,Micro/EM  Schedule-2026-Settle Plate Monitoring 2026.xlsx
MIC-EMAIR-011-20260510,Micro,EM - Air Sampling,EM air sampling - Dynamic Passbox (Unit 2),210/00,environmental_monitoring,per-schedule,specific_date,2026-05-10,2026-05-20,,,pending,,pending,micro@enicarpharma.com,,,,HIGH_FREQ; sheet: May,Micro/EM  Schedule-2026-Air Sampling Monitoring 2026.xlsx
MIC-EMSET-007-20260510,Micro,EM - Settle Plate,EM settle plate - First floor Unit 2,158/01,environmental_monitoring,per-schedule,specific_date,2026-05-10,2026-05-20,,,pending,,pending,micro@enicarpharma.com,,,,HIGH_FREQ; sheet: May,Micro/EM  Schedule-2026-Settle Plate Monitoring 2026.xlsx
MIC-EMSET-008-20260511,Micro,EM - Settle Plate,EM settle plate - First floor service area Unit 2,160/01,environmental_monitoring,per-schedule,specific_date,2026-05-11,2026-05-21,,,pending,,pending,micro@enicarpharma.com,,,,HIGH_FREQ; sheet: May,Micro/EM  Schedule-2026-Settle Plate Monitoring 2026.xlsx
MIC-EMAIR-008-20260515,Micro,EM - Air Sampling,"EM air sampling - Premixing, Storage And Filtration Area (Unit 2)",208/00,environmental_monitoring,per-schedule,specific_date,2026-05-15,2026-05-25,,,pending,,pending,micro@enicarpharma.com,,,,HIGH_FREQ; sheet: May,Micro/EM  Schedule-2026-Air Sampling Monitoring 2026.xlsx
MIC-EMSET-009-20260515,Micro,EM - Settle Plate,EM settle plate - Second floor premixing area Unit 2,161/01,environmental_monitoring,per-schedule,specific_date,2026-05-15,2026-05-25,,,pending,,pending,micro@enicarpharma.com,,,,HIGH_FREQ; sheet: May,Micro/EM  Schedule-2026-Settle Plate Monitoring 2026.xlsx
MIC-EMSET-010-20260516,Micro,EM - Settle Plate,EM settle plate - Second floor Unit 2,162/01,environmental_monitoring,per-schedule,specific_date,2026-05-16,2026-05-26,,,pending,,pending,micro@enicarpharma.com,,,,HIGH_FREQ; sheet: May,Micro/EM  Schedule-2026-Settle Plate Monitoring 2026.xlsx
MIC-EMSET-019-20260517,Micro,EM - Settle Plate,EM settle plate - Dynamic pass box unit,163/01,environmental_monitoring,per-schedule,specific_date,2026-05-17,2026-05-27,,,pending,,pending,micro@enicarpharma.com,,,,HIGH_FREQ; sheet: May,Micro/EM  Schedule-2026-Settle Plate Monitoring 2026.xlsx
MIC-EMAIR-012-20260518,Micro,EM - Air Sampling,EM air sampling - Second Floor- Raw Material (Unit 2),209/00,environmental_monitoring,per-schedule,specific_date,2026-05-18,2026-05-28,,,pending,,pending,micro@enicarpharma.com,,,,HIGH_FREQ; sheet: May,Micro/EM  Schedule-2026-Air Sampling Monitoring 2026.xlsx
MIC-EMSET-012-20260518,Micro,EM - Settle Plate,EM settle plate - Dispensing LAF active/inactive,164/02,environmental_monitoring,per-schedule,specific_date,2026-05-18,2026-05-28,,,pending,,pending,micro@enicarpharma.com,,,,HIGH_FREQ; sheet: May,Micro/EM  Schedule-2026-Settle Plate Monitoring 2026.xlsx
MIC-EMSET-013-20260522,Micro,EM - Settle Plate,EM settle plate - Sampling LAF active/inactive,165/02,environmental_monitoring,per-schedule,specific_date,2026-05-22,2026-06-01,,,pending,,pending,micro@enicarpharma.com,,,,HIGH_FREQ; sheet: May,Micro/EM  Schedule-2026-Settle Plate Monitoring 2026.xlsx
MIC-EMSET-014-20260523,Micro,EM - Settle Plate,EM settle plate - Ointment mfg area,193/00,environmental_monitoring,per-schedule,specific_date,2026-05-23,2026-06-02,,,pending,,pending,micro@enicarpharma.com,,,,HIGH_FREQ; sheet: May,Micro/EM  Schedule-2026-Settle Plate Monitoring 2026.xlsx
MIC-EMSET-015-20260524,Micro,EM - Settle Plate,EM settle plate - External preparation mfg area,194/00,environmental_monitoring,per-schedule,specific_date,2026-05-24,2026-06-03,,,pending,,pending,micro@enicarpharma.com,,,,HIGH_FREQ; sheet: May,Micro/EM  Schedule-2026-Settle Plate Monitoring 2026.xlsx
MIC-EMSET-016-20260525,Micro,EM - Settle Plate,EM settle plate - Production area Unit-I filling line 5 Unit 1,195/00,environmental_monitoring,per-schedule,specific_date,2026-05-25,2026-06-04,,,pending,,pending,micro@enicarpharma.com,,,,HIGH_FREQ; sheet: May,Micro/EM  Schedule-2026-Settle Plate Monitoring 2026.xlsx
MIC-EMAIR-001-20260602,Micro,EM - Air Sampling,EM air sampling - Production Area (Unit 1- Second Floor),202/00,environmental_monitoring,per-schedule,specific_date,2026-06-02,2026-06-12,,,pending,,pending,micro@enicarpharma.com,,,,HIGH_FREQ; sheet: June,Micro/EM  Schedule-2026-Air Sampling Monitoring 2026.xlsx
MIC-EMSET-001-20260602,Micro,EM - Settle Plate,EM settle plate - Production area second floor Unit 1,116/01,environmental_monitoring,per-schedule,specific_date,2026-06-02,2026-06-12,,,pending,,pending,micro@enicarpharma.com,,,,HIGH_FREQ; sheet: June,Micro/EM  Schedule-2026-Settle Plate Monitoring 2026.xlsx
MIC-EMAIR-002-20260603,Micro,EM - Air Sampling,EM air sampling - Production Area (Unit 1- First Floor),203/00,environmental_monitoring,per-schedule,specific_date,2026-06-03,2026-06-13,,,pending,,pending,micro@enicarpharma.com,,,,HIGH_FREQ; sheet: June,Micro/EM  Schedule-2026-Air Sampling Monitoring 2026.xlsx
MIC-EMSET-002-20260603,Micro,EM - Settle Plate,EM settle plate - Production area First floor Unit 1,116A/01,environmental_monitoring,per-schedule,specific_date,2026-06-03,2026-06-13,,,pending,,pending,micro@enicarpharma.com,,,,HIGH_FREQ; sheet: June,Micro/EM  Schedule-2026-Settle Plate Monitoring 2026.xlsx
MIC-EMAIR-003-20260604,Micro,EM - Air Sampling,EM air sampling - Production Area (Unit 1- Ground Floor),204/00,environmental_monitoring,per-schedule,specific_date,2026-06-04,2026-06-14,,,pending,,pending,micro@enicarpharma.com,,,,HIGH_FREQ; sheet: June,Micro/EM  Schedule-2026-Air Sampling Monitoring 2026.xlsx
MIC-EMSET-020-20260604,Micro,EM - Settle Plate,EM settle plate - Production area ground floor  Unit 1,123/01,environmental_monitoring,per-schedule,specific_date,2026-06-04,2026-06-14,,,pending,,pending,micro@enicarpharma.com,,,,HIGH_FREQ; sheet: June,Micro/EM  Schedule-2026-Settle Plate Monitoring 2026.xlsx
MIC-EMAIR-004-20260605,Micro,EM - Air Sampling,EM air sampling - Microbiology Section,205/00,environmental_monitoring,per-schedule,specific_date,2026-06-05,2026-06-15,,,pending,,pending,micro@enicarpharma.com,,,,HIGH_FREQ; sheet: June,Micro/EM  Schedule-2026-Air Sampling Monitoring 2026.xlsx
MIC-EMSET-004-20260605,Micro,EM - Settle Plate,EM settle plate - Micro section,128/01,environmental_monitoring,per-schedule,specific_date,2026-06-05,2026-06-15,,,pending,,pending,micro@enicarpharma.com,,,,HIGH_FREQ; sheet: June,Micro/EM  Schedule-2026-Settle Plate Monitoring 2026.xlsx
MIC-EMAIR-005-20260608,Micro,EM - Air Sampling,EM air sampling - Ground Floor (Unit 2),206/00,environmental_monitoring,per-schedule,specific_date,2026-06-08,2026-06-18,,,pending,,pending,micro@enicarpharma.com,,,,HIGH_FREQ; sheet: June,Micro/EM  Schedule-2026-Air Sampling Monitoring 2026.xlsx
MIC-EMSET-005-20260608,Micro,EM - Settle Plate,EM settle plate - LAF MLT/Live culture,129/01,environmental_monitoring,per-schedule,specific_date,2026-06-08,2026-06-18,,,pending,,pending,micro@enicarpharma.com,,,,HIGH_FREQ; sheet: June,Micro/EM  Schedule-2026-Settle Plate Monitoring 2026.xlsx
MIC-EMAIR-006-20260609,Micro,EM - Air Sampling,EM air sampling - First Floor- Production Service Area (Unit 2),207/00,environmental_monitoring,per-schedule,specific_date,2026-06-09,2026-06-19,,,pending,,pending,micro@enicarpharma.com,,,,HIGH_FREQ; sheet: June,Micro/EM  Schedule-2026-Air Sampling Monitoring 2026.xlsx
MIC-EMSET-006-20260609,Micro,EM - Settle Plate,EM settle plate - Ground floor Unit 2,157/01,environmental_monitoring,per-schedule,specific_date,2026-06-09,2026-06-19,,,pending,,pending,micro@enicarpharma.com,,,,HIGH_FREQ; sheet: June,Micro/EM  Schedule-2026-Settle Plate Monitoring 2026.xlsx
MIC-EMAIR-011-20260610,Micro,EM - Air Sampling,EM air sampling - Dynamic Passbox (Unit 2),210/00,environmental_monitoring,per-schedule,specific_date,2026-06-10,2026-06-20,,,pending,,pending,micro@enicarpharma.com,,,,HIGH_FREQ; sheet: June,Micro/EM  Schedule-2026-Air Sampling Monitoring 2026.xlsx
MIC-EMSET-007-20260610,Micro,EM - Settle Plate,EM settle plate - First floor Unit 2,158/01,environmental_monitoring,per-schedule,specific_date,2026-06-10,2026-06-20,,,pending,,pending,micro@enicarpharma.com,,,,HIGH_FREQ; sheet: June,Micro/EM  Schedule-2026-Settle Plate Monitoring 2026.xlsx
MIC-EMSET-008-20260611,Micro,EM - Settle Plate,EM settle plate - First floor service area Unit 2,160/01,environmental_monitoring,per-schedule,specific_date,2026-06-11,2026-06-21,,,pending,,pending,micro@enicarpharma.com,,,,HIGH_FREQ; sheet: June,Micro/EM  Schedule-2026-Settle Plate Monitoring 2026.xlsx
MIC-EMAIR-008-20260615,Micro,EM - Air Sampling,"EM air sampling - Premixing, Storage And Filtration Area (Unit 2)",208/00,environmental_monitoring,per-schedule,specific_date,2026-06-15,2026-06-25,,,pending,,pending,micro@enicarpharma.com,,,,HIGH_FREQ; sheet: June,Micro/EM  Schedule-2026-Air Sampling Monitoring 2026.xlsx
MIC-EMSET-009-20260615,Micro,EM - Settle Plate,EM settle plate - Second floor premixing area Unit 2,161/01,environmental_monitoring,per-schedule,specific_date,2026-06-15,2026-06-25,,,pending,,pending,micro@enicarpharma.com,,,,HIGH_FREQ; sheet: June,Micro/EM  Schedule-2026-Settle Plate Monitoring 2026.xlsx
MIC-EMSET-010-20260616,Micro,EM - Settle Plate,EM settle plate - Second floor Unit 2,162/01,environmental_monitoring,per-schedule,specific_date,2026-06-16,2026-06-26,,,pending,,pending,micro@enicarpharma.com,,,,HIGH_FREQ; sheet: June,Micro/EM  Schedule-2026-Settle Plate Monitoring 2026.xlsx
MIC-EMSET-011-20260617,Micro,EM - Settle Plate,EM settle plate - Dynamic pass box unit Unit 2,163/01,environmental_monitoring,per-schedule,specific_date,2026-06-17,2026-06-27,,,pending,,pending,micro@enicarpharma.com,,,,HIGH_FREQ; sheet: June,Micro/EM  Schedule-2026-Settle Plate Monitoring 2026.xlsx
MIC-EMAIR-012-20260618,Micro,EM - Air Sampling,EM air sampling - Second Floor- Raw Material (Unit 2),209/00,environmental_monitoring,per-schedule,specific_date,2026-06-18,2026-06-28,,,pending,,pending,micro@enicarpharma.com,,,,HIGH_FREQ; sheet: June,Micro/EM  Schedule-2026-Air Sampling Monitoring 2026.xlsx
MIC-EMSET-012-20260618,Micro,EM - Settle Plate,EM settle plate - Dispensing LAF active/inactive,164/02,environmental_monitoring,per-schedule,specific_date,2026-06-18,2026-06-28,,,pending,,pending,micro@enicarpharma.com,,,,HIGH_FREQ; sheet: June,Micro/EM  Schedule-2026-Settle Plate Monitoring 2026.xlsx
MIC-EMSET-013-20260622,Micro,EM - Settle Plate,EM settle plate - Sampling LAF active/inactive,165/02,environmental_monitoring,per-schedule,specific_date,2026-06-22,2026-07-02,,,pending,,pending,micro@enicarpharma.com,,,,HIGH_FREQ; sheet: June,Micro/EM  Schedule-2026-Settle Plate Monitoring 2026.xlsx
MIC-EMSET-014-20260623,Micro,EM - Settle Plate,EM settle plate - Ointment mfg area,193/00,environmental_monitoring,per-schedule,specific_date,2026-06-23,2026-07-03,,,pending,,pending,micro@enicarpharma.com,,,,HIGH_FREQ; sheet: June,Micro/EM  Schedule-2026-Settle Plate Monitoring 2026.xlsx
MIC-EMSET-015-20260624,Micro,EM - Settle Plate,EM settle plate - External preparation mfg area,194/00,environmental_monitoring,per-schedule,specific_date,2026-06-24,2026-07-04,,,pending,,pending,micro@enicarpharma.com,,,,HIGH_FREQ; sheet: June,Micro/EM  Schedule-2026-Settle Plate Monitoring 2026.xlsx
MIC-EMSET-016-20260625,Micro,EM - Settle Plate,EM settle plate - Production area Unit-I filling line 5 Unit 1,195/00,environmental_monitoring,per-schedule,specific_date,2026-06-25,2026-07-05,,,pending,,pending,micro@enicarpharma.com,,,,HIGH_FREQ; sheet: June,Micro/EM  Schedule-2026-Settle Plate Monitoring 2026.xlsx
MIC-EMAIR-001-20260701,Micro,EM - Air Sampling,EM air sampling - Production Area (Unit 1- Second Floor),202/00,environmental_monitoring,per-schedule,specific_date,2026-07-01,2026-07-11,,,pending,,pending,micro@enicarpharma.com,,,,HIGH_FREQ; sheet: July,Micro/EM  Schedule-2026-Air Sampling Monitoring 2026.xlsx
MIC-EMSET-001-20260701,Micro,EM - Settle Plate,EM settle plate - Production area second floor Unit 1,116/01,environmental_monitoring,per-schedule,specific_date,2026-07-01,2026-07-11,,,pending,,pending,micro@enicarpharma.com,,,,HIGH_FREQ; sheet: July,Micro/EM  Schedule-2026-Settle Plate Monitoring 2026.xlsx
MIC-EMAIR-002-20260702,Micro,EM - Air Sampling,EM air sampling - Production Area (Unit 1- First Floor),203/00,environmental_monitoring,per-schedule,specific_date,2026-07-02,2026-07-12,,,pending,,pending,micro@enicarpharma.com,,,,HIGH_FREQ; sheet: July,Micro/EM  Schedule-2026-Air Sampling Monitoring 2026.xlsx
MIC-EMSET-002-20260702,Micro,EM - Settle Plate,EM settle plate - Production area First floor Unit 1,116A/01,environmental_monitoring,per-schedule,specific_date,2026-07-02,2026-07-12,,,pending,,pending,micro@enicarpharma.com,,,,HIGH_FREQ; sheet: July,Micro/EM  Schedule-2026-Settle Plate Monitoring 2026.xlsx
MIC-EMAIR-003-20260703,Micro,EM - Air Sampling,EM air sampling - Production Area (Unit 1- Ground Floor),204/00,environmental_monitoring,per-schedule,specific_date,2026-07-03,2026-07-13,,,pending,,pending,micro@enicarpharma.com,,,,HIGH_FREQ; sheet: July,Micro/EM  Schedule-2026-Air Sampling Monitoring 2026.xlsx
MIC-EMSET-003-20260703,Micro,EM - Settle Plate,EM settle plate - Production area ground floor Unit 1,123/01,environmental_monitoring,per-schedule,specific_date,2026-07-03,2026-07-13,,,pending,,pending,micro@enicarpharma.com,,,,HIGH_FREQ; sheet: July,Micro/EM  Schedule-2026-Settle Plate Monitoring 2026.xlsx
MIC-EMAIR-004-20260704,Micro,EM - Air Sampling,EM air sampling - Microbiology Section,205/00,environmental_monitoring,per-schedule,specific_date,2026-07-04,2026-07-14,,,pending,,pending,micro@enicarpharma.com,,,,HIGH_FREQ; sheet: July,Micro/EM  Schedule-2026-Air Sampling Monitoring 2026.xlsx
MIC-EMSET-004-20260704,Micro,EM - Settle Plate,EM settle plate - Micro section,128/01,environmental_monitoring,per-schedule,specific_date,2026-07-04,2026-07-14,,,pending,,pending,micro@enicarpharma.com,,,,HIGH_FREQ; sheet: July,Micro/EM  Schedule-2026-Settle Plate Monitoring 2026.xlsx
MIC-EMAIR-005-20260708,Micro,EM - Air Sampling,EM air sampling - Ground Floor (Unit 2),206/00,environmental_monitoring,per-schedule,specific_date,2026-07-08,2026-07-18,,,pending,,pending,micro@enicarpharma.com,,,,HIGH_FREQ; sheet: July,Micro/EM  Schedule-2026-Air Sampling Monitoring 2026.xlsx
MIC-EMSET-005-20260708,Micro,EM - Settle Plate,EM settle plate - LAF MLT/Live culture,129/01,environmental_monitoring,per-schedule,specific_date,2026-07-08,2026-07-18,,,pending,,pending,micro@enicarpharma.com,,,,HIGH_FREQ; sheet: July,Micro/EM  Schedule-2026-Settle Plate Monitoring 2026.xlsx
MIC-EMAIR-006-20260709,Micro,EM - Air Sampling,EM air sampling - First Floor- Production Service Area (Unit 2),207/00,environmental_monitoring,per-schedule,specific_date,2026-07-09,2026-07-19,,,pending,,pending,micro@enicarpharma.com,,,,HIGH_FREQ; sheet: July,Micro/EM  Schedule-2026-Air Sampling Monitoring 2026.xlsx
MIC-EMSET-006-20260709,Micro,EM - Settle Plate,EM settle plate - Ground floor Unit 2,157/01,environmental_monitoring,per-schedule,specific_date,2026-07-09,2026-07-19,,,pending,,pending,micro@enicarpharma.com,,,,HIGH_FREQ; sheet: July,Micro/EM  Schedule-2026-Settle Plate Monitoring 2026.xlsx
MIC-EMAIR-011-20260710,Micro,EM - Air Sampling,EM air sampling - Dynamic Passbox (Unit 2),210/00,environmental_monitoring,per-schedule,specific_date,2026-07-10,2026-07-20,,,pending,,pending,micro@enicarpharma.com,,,,HIGH_FREQ; sheet: July,Micro/EM  Schedule-2026-Air Sampling Monitoring 2026.xlsx
MIC-EMSET-007-20260710,Micro,EM - Settle Plate,EM settle plate - First floor Unit 2,158/01,environmental_monitoring,per-schedule,specific_date,2026-07-10,2026-07-20,,,pending,,pending,micro@enicarpharma.com,,,,HIGH_FREQ; sheet: July,Micro/EM  Schedule-2026-Settle Plate Monitoring 2026.xlsx
MIC-EMSET-008-20260711,Micro,EM - Settle Plate,EM settle plate - First floor service area Unit 2,160/01,environmental_monitoring,per-schedule,specific_date,2026-07-11,2026-07-21,,,pending,,pending,micro@enicarpharma.com,,,,HIGH_FREQ; sheet: July,Micro/EM  Schedule-2026-Settle Plate Monitoring 2026.xlsx
MIC-EMAIR-008-20260715,Micro,EM - Air Sampling,"EM air sampling - Premixing, Storage And Filtration Area (Unit 2)",208/00,environmental_monitoring,per-schedule,specific_date,2026-07-15,2026-07-25,,,pending,,pending,micro@enicarpharma.com,,,,HIGH_FREQ; sheet: July,Micro/EM  Schedule-2026-Air Sampling Monitoring 2026.xlsx
MIC-EMSET-009-20260715,Micro,EM - Settle Plate,EM settle plate - Second floor premixing area Unit 2,161/01,environmental_monitoring,per-schedule,specific_date,2026-07-15,2026-07-25,,,pending,,pending,micro@enicarpharma.com,,,,HIGH_FREQ; sheet: July,Micro/EM  Schedule-2026-Settle Plate Monitoring 2026.xlsx
MIC-EMSET-010-20260716,Micro,EM - Settle Plate,EM settle plate - Second floor Unit 2,162/01,environmental_monitoring,per-schedule,specific_date,2026-07-16,2026-07-26,,,pending,,pending,micro@enicarpharma.com,,,,HIGH_FREQ; sheet: July,Micro/EM  Schedule-2026-Settle Plate Monitoring 2026.xlsx
MIC-EMSET-018-20260717,Micro,EM - Settle Plate,EM settle plate - Dynamic pass box unit 2,163/01,environmental_monitoring,per-schedule,specific_date,2026-07-17,2026-07-27,,,pending,,pending,micro@enicarpharma.com,,,,HIGH_FREQ; sheet: July,Micro/EM  Schedule-2026-Settle Plate Monitoring 2026.xlsx
MIC-EMAIR-012-20260718,Micro,EM - Air Sampling,EM air sampling - Second Floor- Raw Material (Unit 2),209/00,environmental_monitoring,per-schedule,specific_date,2026-07-18,2026-07-28,,,pending,,pending,micro@enicarpharma.com,,,,HIGH_FREQ; sheet: July,Micro/EM  Schedule-2026-Air Sampling Monitoring 2026.xlsx
MIC-EMSET-012-20260718,Micro,EM - Settle Plate,EM settle plate - Dispensing LAF active/inactive,164/02,environmental_monitoring,per-schedule,specific_date,2026-07-18,2026-07-28,,,pending,,pending,micro@enicarpharma.com,,,,HIGH_FREQ; sheet: July,Micro/EM  Schedule-2026-Settle Plate Monitoring 2026.xlsx
MIC-EMSET-013-20260722,Micro,EM - Settle Plate,EM settle plate - Sampling LAF active/inactive,165/02,environmental_monitoring,per-schedule,specific_date,2026-07-22,2026-08-01,,,pending,,pending,micro@enicarpharma.com,,,,HIGH_FREQ; sheet: July,Micro/EM  Schedule-2026-Settle Plate Monitoring 2026.xlsx
MIC-EMSET-014-20260723,Micro,EM - Settle Plate,EM settle plate - Ointment mfg area,193/00,environmental_monitoring,per-schedule,specific_date,2026-07-23,2026-08-02,,,pending,,pending,micro@enicarpharma.com,,,,HIGH_FREQ; sheet: July,Micro/EM  Schedule-2026-Settle Plate Monitoring 2026.xlsx
MIC-EMSET-015-20260724,Micro,EM - Settle Plate,EM settle plate - External preparation mfg area,194/00,environmental_monitoring,per-schedule,specific_date,2026-07-24,2026-08-03,,,pending,,pending,micro@enicarpharma.com,,,,HIGH_FREQ; sheet: July,Micro/EM  Schedule-2026-Settle Plate Monitoring 2026.xlsx
MIC-EMSET-016-20260725,Micro,EM - Settle Plate,EM settle plate - Production area Unit-I filling line 5 Unit 1,195/00,environmental_monitoring,per-schedule,specific_date,2026-07-25,2026-08-04,,,pending,,pending,micro@enicarpharma.com,,,,HIGH_FREQ; sheet: July,Micro/EM  Schedule-2026-Settle Plate Monitoring 2026.xlsx
MIC-EMAIR-001-20260801,Micro,EM - Air Sampling,EM air sampling - Production Area (Unit 1- Second Floor),202/00,environmental_monitoring,per-schedule,specific_date,2026-08-01,2026-08-11,,,pending,,pending,micro@enicarpharma.com,,,,HIGH_FREQ; sheet: August,Micro/EM  Schedule-2026-Air Sampling Monitoring 2026.xlsx
MIC-EMSET-001-20260801,Micro,EM - Settle Plate,EM settle plate - Production area second floor Unit 1,116/01,environmental_monitoring,per-schedule,specific_date,2026-08-01,2026-08-11,,,pending,,pending,micro@enicarpharma.com,,,,HIGH_FREQ; sheet: August,Micro/EM  Schedule-2026-Settle Plate Monitoring 2026.xlsx
MIC-EMAIR-002-20260802,Micro,EM - Air Sampling,EM air sampling - Production Area (Unit 1- First Floor),203/00,environmental_monitoring,per-schedule,specific_date,2026-08-02,2026-08-12,,,pending,,pending,micro@enicarpharma.com,,,,HIGH_FREQ; sheet: August,Micro/EM  Schedule-2026-Air Sampling Monitoring 2026.xlsx
MIC-EMSET-002-20260802,Micro,EM - Settle Plate,EM settle plate - Production area First floor Unit 1,116A/01,environmental_monitoring,per-schedule,specific_date,2026-08-02,2026-08-12,,,pending,,pending,micro@enicarpharma.com,,,,HIGH_FREQ; sheet: August,Micro/EM  Schedule-2026-Settle Plate Monitoring 2026.xlsx
MIC-EMAIR-003-20260803,Micro,EM - Air Sampling,EM air sampling - Production Area (Unit 1- Ground Floor),204/00,environmental_monitoring,per-schedule,specific_date,2026-08-03,2026-08-13,,,pending,,pending,micro@enicarpharma.com,,,,HIGH_FREQ; sheet: August,Micro/EM  Schedule-2026-Air Sampling Monitoring 2026.xlsx
MIC-EMSET-003-20260803,Micro,EM - Settle Plate,EM settle plate - Production area ground floor Unit 1,123/01,environmental_monitoring,per-schedule,specific_date,2026-08-03,2026-08-13,,,pending,,pending,micro@enicarpharma.com,,,,HIGH_FREQ; sheet: August,Micro/EM  Schedule-2026-Settle Plate Monitoring 2026.xlsx
MIC-EMAIR-004-20260804,Micro,EM - Air Sampling,EM air sampling - Microbiology Section,205/00,environmental_monitoring,per-schedule,specific_date,2026-08-04,2026-08-14,,,pending,,pending,micro@enicarpharma.com,,,,HIGH_FREQ; sheet: August,Micro/EM  Schedule-2026-Air Sampling Monitoring 2026.xlsx
MIC-EMSET-004-20260804,Micro,EM - Settle Plate,EM settle plate - Micro section,128/01,environmental_monitoring,per-schedule,specific_date,2026-08-04,2026-08-14,,,pending,,pending,micro@enicarpharma.com,,,,HIGH_FREQ; sheet: August,Micro/EM  Schedule-2026-Settle Plate Monitoring 2026.xlsx
MIC-EMAIR-005-20260808,Micro,EM - Air Sampling,EM air sampling - Ground Floor (Unit 2),206/00,environmental_monitoring,per-schedule,specific_date,2026-08-08,2026-08-18,,,pending,,pending,micro@enicarpharma.com,,,,HIGH_FREQ; sheet: August,Micro/EM  Schedule-2026-Air Sampling Monitoring 2026.xlsx
MIC-EMSET-005-20260808,Micro,EM - Settle Plate,EM settle plate - LAF MLT/Live culture,129/01,environmental_monitoring,per-schedule,specific_date,2026-08-08,2026-08-18,,,pending,,pending,micro@enicarpharma.com,,,,HIGH_FREQ; sheet: August,Micro/EM  Schedule-2026-Settle Plate Monitoring 2026.xlsx
MIC-EMAIR-006-20260809,Micro,EM - Air Sampling,EM air sampling - First Floor- Production Service Area (Unit 2),207/00,environmental_monitoring,per-schedule,specific_date,2026-08-09,2026-08-19,,,pending,,pending,micro@enicarpharma.com,,,,HIGH_FREQ; sheet: August,Micro/EM  Schedule-2026-Air Sampling Monitoring 2026.xlsx
MIC-EMSET-006-20260809,Micro,EM - Settle Plate,EM settle plate - Ground floor Unit 2,157/01,environmental_monitoring,per-schedule,specific_date,2026-08-09,2026-08-19,,,pending,,pending,micro@enicarpharma.com,,,,HIGH_FREQ; sheet: August,Micro/EM  Schedule-2026-Settle Plate Monitoring 2026.xlsx
MIC-EMAIR-011-20260810,Micro,EM - Air Sampling,EM air sampling - Dynamic Passbox (Unit 2),210/00,environmental_monitoring,per-schedule,specific_date,2026-08-10,2026-08-20,,,pending,,pending,micro@enicarpharma.com,,,,HIGH_FREQ; sheet: August,Micro/EM  Schedule-2026-Air Sampling Monitoring 2026.xlsx
MIC-EMSET-007-20260810,Micro,EM - Settle Plate,EM settle plate - First floor Unit 2,158/01,environmental_monitoring,per-schedule,specific_date,2026-08-10,2026-08-20,,,pending,,pending,micro@enicarpharma.com,,,,HIGH_FREQ; sheet: August,Micro/EM  Schedule-2026-Settle Plate Monitoring 2026.xlsx
MIC-EMSET-008-20260811,Micro,EM - Settle Plate,EM settle plate - First floor service area Unit 2,160/01,environmental_monitoring,per-schedule,specific_date,2026-08-11,2026-08-21,,,pending,,pending,micro@enicarpharma.com,,,,HIGH_FREQ; sheet: August,Micro/EM  Schedule-2026-Settle Plate Monitoring 2026.xlsx
MIC-EMAIR-008-20260815,Micro,EM - Air Sampling,"EM air sampling - Premixing, Storage And Filtration Area (Unit 2)",208/00,environmental_monitoring,per-schedule,specific_date,2026-08-15,2026-08-25,,,pending,,pending,micro@enicarpharma.com,,,,HIGH_FREQ; sheet: August,Micro/EM  Schedule-2026-Air Sampling Monitoring 2026.xlsx
MIC-EMSET-009-20260815,Micro,EM - Settle Plate,EM settle plate - Second floor premixing area Unit 2,161/01,environmental_monitoring,per-schedule,specific_date,2026-08-15,2026-08-25,,,pending,,pending,micro@enicarpharma.com,,,,HIGH_FREQ; sheet: August,Micro/EM  Schedule-2026-Settle Plate Monitoring 2026.xlsx
MIC-EMSET-010-20260816,Micro,EM - Settle Plate,EM settle plate - Second floor Unit 2,162/01,environmental_monitoring,per-schedule,specific_date,2026-08-16,2026-08-26,,,pending,,pending,micro@enicarpharma.com,,,,HIGH_FREQ; sheet: August,Micro/EM  Schedule-2026-Settle Plate Monitoring 2026.xlsx
MIC-EMSET-011-20260817,Micro,EM - Settle Plate,EM settle plate - Dynamic pass box unit Unit 2,163/01,environmental_monitoring,per-schedule,specific_date,2026-08-17,2026-08-27,,,pending,,pending,micro@enicarpharma.com,,,,HIGH_FREQ; sheet: August,Micro/EM  Schedule-2026-Settle Plate Monitoring 2026.xlsx
MIC-EMAIR-012-20260818,Micro,EM - Air Sampling,EM air sampling - Second Floor- Raw Material (Unit 2),209/00,environmental_monitoring,per-schedule,specific_date,2026-08-18,2026-08-28,,,pending,,pending,micro@enicarpharma.com,,,,HIGH_FREQ; sheet: August,Micro/EM  Schedule-2026-Air Sampling Monitoring 2026.xlsx
MIC-EMSET-012-20260818,Micro,EM - Settle Plate,EM settle plate - Dispensing LAF active/inactive,164/02,environmental_monitoring,per-schedule,specific_date,2026-08-18,2026-08-28,,,pending,,pending,micro@enicarpharma.com,,,,HIGH_FREQ; sheet: August,Micro/EM  Schedule-2026-Settle Plate Monitoring 2026.xlsx
MIC-CAL-008-20260819,Micro,Instrument Calibration,Calibrate Zone Reader,QCM/02028,calibration,quarterly,specific_date,2026-08-19,2026-08-29,2026-05-20,,pending,,pending,micro@enicarpharma.com,,,,raw freq: Quarterly; sheet: Calibration Planner 26-27,Micro/Calibration & validation  Planner_26_27_Micro.xls
MIC-EMSET-013-20260822,Micro,EM - Settle Plate,EM settle plate - Sampling LAF active/inactive,165/02,environmental_monitoring,per-schedule,specific_date,2026-08-22,2026-09-01,,,pending,,pending,micro@enicarpharma.com,,,,HIGH_FREQ; sheet: August,Micro/EM  Schedule-2026-Settle Plate Monitoring 2026.xlsx
MIC-EMSET-014-20260823,Micro,EM - Settle Plate,EM settle plate - Ointment mfg area,193/00,environmental_monitoring,per-schedule,specific_date,2026-08-23,2026-09-02,,,pending,,pending,micro@enicarpharma.com,,,,HIGH_FREQ; sheet: August,Micro/EM  Schedule-2026-Settle Plate Monitoring 2026.xlsx
MIC-EMSET-015-20260824,Micro,EM - Settle Plate,EM settle plate - External preparation mfg area,194/00,environmental_monitoring,per-schedule,specific_date,2026-08-24,2026-09-03,,,pending,,pending,micro@enicarpharma.com,,,,HIGH_FREQ; sheet: August,Micro/EM  Schedule-2026-Settle Plate Monitoring 2026.xlsx
MIC-EMSET-016-20260825,Micro,EM - Settle Plate,EM settle plate - Production area Unit-I filling line 5 Unit 1,195/00,environmental_monitoring,per-schedule,specific_date,2026-08-25,2026-09-04,,,pending,,pending,micro@enicarpharma.com,,,,HIGH_FREQ; sheet: August,Micro/EM  Schedule-2026-Settle Plate Monitoring 2026.xlsx
SOP-QC-141-20260825,Micro,SOP Review,Review SOP-QC-141 - Operation and Calibration Digital Zone Reader,SOP-QC-141,sop_review,two-yearly,specific_date,2026-08-25,2026-09-04,2024-08-26,,pending,,pending,micro@enicarpharma.com,,,,SOP INDEX sheet MICRO; issued 2024-08-26,QA_SOP/SOP INDEX.xlsx
MIC-EMAIR-001-20260901,Micro,EM - Air Sampling,EM air sampling - Production Area (Unit 1- Second Floor),202/00,environmental_monitoring,per-schedule,specific_date,2026-09-01,2026-09-11,,,pending,,pending,micro@enicarpharma.com,,,,HIGH_FREQ; sheet: September,Micro/EM  Schedule-2026-Air Sampling Monitoring 2026.xlsx
MIC-EMSET-001-20260901,Micro,EM - Settle Plate,EM settle plate - Production area second floor Unit 1,116/01,environmental_monitoring,per-schedule,specific_date,2026-09-01,2026-09-11,,,pending,,pending,micro@enicarpharma.com,,,,HIGH_FREQ; sheet: September,Micro/EM  Schedule-2026-Settle Plate Monitoring 2026.xlsx
MIC-EMAIR-002-20260902,Micro,EM - Air Sampling,EM air sampling - Production Area (Unit 1- First Floor),203/00,environmental_monitoring,per-schedule,specific_date,2026-09-02,2026-09-12,,,pending,,pending,micro@enicarpharma.com,,,,HIGH_FREQ; sheet: September,Micro/EM  Schedule-2026-Air Sampling Monitoring 2026.xlsx
MIC-EMSET-002-20260902,Micro,EM - Settle Plate,EM settle plate - Production area First floor Unit 1,116A/01,environmental_monitoring,per-schedule,specific_date,2026-09-02,2026-09-12,,,pending,,pending,micro@enicarpharma.com,,,,HIGH_FREQ; sheet: September,Micro/EM  Schedule-2026-Settle Plate Monitoring 2026.xlsx
MIC-EMAIR-003-20260903,Micro,EM - Air Sampling,EM air sampling - Production Area (Unit 1- Ground Floor),204/00,environmental_monitoring,per-schedule,specific_date,2026-09-03,2026-09-13,,,pending,,pending,micro@enicarpharma.com,,,,HIGH_FREQ; sheet: September,Micro/EM  Schedule-2026-Air Sampling Monitoring 2026.xlsx
MIC-EMSET-003-20260903,Micro,EM - Settle Plate,EM settle plate - Production area ground floor Unit 1,123/01,environmental_monitoring,per-schedule,specific_date,2026-09-03,2026-09-13,,,pending,,pending,micro@enicarpharma.com,,,,HIGH_FREQ; sheet: September,Micro/EM  Schedule-2026-Settle Plate Monitoring 2026.xlsx
MIC-EMAIR-004-20260904,Micro,EM - Air Sampling,EM air sampling - Microbiology Section,205/00,environmental_monitoring,per-schedule,specific_date,2026-09-04,2026-09-14,,,pending,,pending,micro@enicarpharma.com,,,,HIGH_FREQ; sheet: September,Micro/EM  Schedule-2026-Air Sampling Monitoring 2026.xlsx
MIC-EMSET-004-20260904,Micro,EM - Settle Plate,EM settle plate - Micro section,128/01,environmental_monitoring,per-schedule,specific_date,2026-09-04,2026-09-14,,,pending,,pending,micro@enicarpharma.com,,,,HIGH_FREQ; sheet: September,Micro/EM  Schedule-2026-Settle Plate Monitoring 2026.xlsx
MIC-EMAIR-005-20260908,Micro,EM - Air Sampling,EM air sampling - Ground Floor (Unit 2),206/00,environmental_monitoring,per-schedule,specific_date,2026-09-08,2026-09-18,,,pending,,pending,micro@enicarpharma.com,,,,HIGH_FREQ; sheet: September,Micro/EM  Schedule-2026-Air Sampling Monitoring 2026.xlsx
MIC-EMSET-005-20260908,Micro,EM - Settle Plate,EM settle plate - LAF MLT/Live culture,129/01,environmental_monitoring,per-schedule,specific_date,2026-09-08,2026-09-18,,,pending,,pending,micro@enicarpharma.com,,,,HIGH_FREQ; sheet: September,Micro/EM  Schedule-2026-Settle Plate Monitoring 2026.xlsx
MIC-EMAIR-006-20260909,Micro,EM - Air Sampling,EM air sampling - First Floor- Production Service Area (Unit 2),207/00,environmental_monitoring,per-schedule,specific_date,2026-09-09,2026-09-19,,,pending,,pending,micro@enicarpharma.com,,,,HIGH_FREQ; sheet: September,Micro/EM  Schedule-2026-Air Sampling Monitoring 2026.xlsx
MIC-EMSET-006-20260909,Micro,EM - Settle Plate,EM settle plate - Ground floor Unit 2,157/01,environmental_monitoring,per-schedule,specific_date,2026-09-09,2026-09-19,,,pending,,pending,micro@enicarpharma.com,,,,HIGH_FREQ; sheet: September,Micro/EM  Schedule-2026-Settle Plate Monitoring 2026.xlsx
MIC-EMAIR-007-20260910,Micro,EM - Air Sampling,EM air sampling - Dynamic Passbox  (Unit 2),210/00,environmental_monitoring,per-schedule,specific_date,2026-09-10,2026-09-20,,,pending,,pending,micro@enicarpharma.com,,,,HIGH_FREQ; sheet: September,Micro/EM  Schedule-2026-Air Sampling Monitoring 2026.xlsx
MIC-EMSET-007-20260910,Micro,EM - Settle Plate,EM settle plate - First floor Unit 2,158/01,environmental_monitoring,per-schedule,specific_date,2026-09-10,2026-09-20,,,pending,,pending,micro@enicarpharma.com,,,,HIGH_FREQ; sheet: September,Micro/EM  Schedule-2026-Settle Plate Monitoring 2026.xlsx
MIC-EMSET-008-20260911,Micro,EM - Settle Plate,EM settle plate - First floor service area Unit 2,160/01,environmental_monitoring,per-schedule,specific_date,2026-09-11,2026-09-21,,,pending,,pending,micro@enicarpharma.com,,,,HIGH_FREQ; sheet: September,Micro/EM  Schedule-2026-Settle Plate Monitoring 2026.xlsx
MIC-EMAIR-013-20260915,Micro,EM - Air Sampling,"EM air sampling - Premixing, Storage And Filtration Area  (Unit 2)",208/00,environmental_monitoring,per-schedule,specific_date,2026-09-15,2026-09-25,,,pending,,pending,micro@enicarpharma.com,,,,HIGH_FREQ; sheet: September,Micro/EM  Schedule-2026-Air Sampling Monitoring 2026.xlsx
MIC-EMSET-009-20260915,Micro,EM - Settle Plate,EM settle plate - Second floor premixing area Unit 2,161/01,environmental_monitoring,per-schedule,specific_date,2026-09-15,2026-09-25,,,pending,,pending,micro@enicarpharma.com,,,,HIGH_FREQ; sheet: September,Micro/EM  Schedule-2026-Settle Plate Monitoring 2026.xlsx
MIC-EMSET-010-20260916,Micro,EM - Settle Plate,EM settle plate - Second floor Unit 2,162/01,environmental_monitoring,per-schedule,specific_date,2026-09-16,2026-09-26,,,pending,,pending,micro@enicarpharma.com,,,,HIGH_FREQ; sheet: September,Micro/EM  Schedule-2026-Settle Plate Monitoring 2026.xlsx
MIC-EMSET-011-20260917,Micro,EM - Settle Plate,EM settle plate - Dynamic pass box unit Unit 2,163/01,environmental_monitoring,per-schedule,specific_date,2026-09-17,2026-09-27,,,pending,,pending,micro@enicarpharma.com,,,,HIGH_FREQ; sheet: September,Micro/EM  Schedule-2026-Settle Plate Monitoring 2026.xlsx
MIC-CAL-009-20260918,Micro,Instrument Calibration,Calibrate Conony Counter,QCM/02008,calibration,quarterly,specific_date,2026-09-18,2026-09-28,2026-06-19,,pending,,pending,micro@enicarpharma.com,,,,raw freq: Quarterly; sheet: Calibration Planner 26-27,Micro/Calibration & validation  Planner_26_27_Micro.xls
MIC-EMAIR-012-20260918,Micro,EM - Air Sampling,EM air sampling - Second Floor- Raw Material (Unit 2),209/00,environmental_monitoring,per-schedule,specific_date,2026-09-18,2026-09-28,,,pending,,pending,micro@enicarpharma.com,,,,HIGH_FREQ; sheet: September,Micro/EM  Schedule-2026-Air Sampling Monitoring 2026.xlsx
MIC-EMSET-012-20260918,Micro,EM - Settle Plate,EM settle plate - Dispensing LAF active/inactive,164/02,environmental_monitoring,per-schedule,specific_date,2026-09-18,2026-09-28,,,pending,,pending,micro@enicarpharma.com,,,,HIGH_FREQ; sheet: September,Micro/EM  Schedule-2026-Settle Plate Monitoring 2026.xlsx
MIC-CAL-012-20260922,Micro,Instrument Calibration,Calibrate Weghing Balance,QCM/02020,calibration,quarterly,specific_date,2026-09-22,2026-10-02,2026-06-23,,pending,,pending,micro@enicarpharma.com,,,,raw freq: Quarterly; sheet: Calibration Planner 26-27,Micro/Calibration & validation  Planner_26_27_Micro.xls
MIC-EMSET-013-20260922,Micro,EM - Settle Plate,EM settle plate - Sampling LAF active/inactive,165/02,environmental_monitoring,per-schedule,specific_date,2026-09-22,2026-10-02,,,pending,,pending,micro@enicarpharma.com,,,,HIGH_FREQ; sheet: September,Micro/EM  Schedule-2026-Settle Plate Monitoring 2026.xlsx
MIC-EMSET-014-20260923,Micro,EM - Settle Plate,EM settle plate - Ointment mfg area,193/00,environmental_monitoring,per-schedule,specific_date,2026-09-23,2026-10-03,,,pending,,pending,micro@enicarpharma.com,,,,HIGH_FREQ; sheet: September,Micro/EM  Schedule-2026-Settle Plate Monitoring 2026.xlsx
MIC-EMSET-015-20260924,Micro,EM - Settle Plate,EM settle plate - External preparation mfg area,194/00,environmental_monitoring,per-schedule,specific_date,2026-09-24,2026-10-04,,,pending,,pending,micro@enicarpharma.com,,,,HIGH_FREQ; sheet: September,Micro/EM  Schedule-2026-Settle Plate Monitoring 2026.xlsx
MIC-VAL-007-20260924,Micro,Validation,Re-validate Drying Oven,QCM/02019,re-validation,yearly,specific_date,2026-09-24,2026-10-04,2025-09-25,,pending,,pending,micro@enicarpharma.com,,,,raw freq: Yearly; Outside agency; sheet: Re-validation Planner 26-27,Micro/Calibration & validation  Planner_26_27_Micro.xls
MIC-EMSET-016-20260925,Micro,EM - Settle Plate,EM settle plate - Production area Unit-I filling line 5 Unit 1,195/00,environmental_monitoring,per-schedule,specific_date,2026-09-25,2026-10-05,,,pending,,pending,micro@enicarpharma.com,,,,HIGH_FREQ; sheet: September,Micro/EM  Schedule-2026-Settle Plate Monitoring 2026.xlsx
MIC-EMAIR-001-20261001,Micro,EM - Air Sampling,EM air sampling - Production Area (Unit 1- Second Floor),202/00,environmental_monitoring,per-schedule,specific_date,2026-10-01,2026-10-11,,,pending,,pending,micro@enicarpharma.com,,,,HIGH_FREQ; sheet: October,Micro/EM  Schedule-2026-Air Sampling Monitoring 2026.xlsx
MIC-EMSET-001-20261001,Micro,EM - Settle Plate,EM settle plate - Production area second floor Unit 1,116/01,environmental_monitoring,per-schedule,specific_date,2026-10-01,2026-10-11,,,pending,,pending,micro@enicarpharma.com,,,,HIGH_FREQ; sheet: October,Micro/EM  Schedule-2026-Settle Plate Monitoring 2026.xlsx
MIC-EMAIR-002-20261002,Micro,EM - Air Sampling,EM air sampling - Production Area (Unit 1- First Floor),203/00,environmental_monitoring,per-schedule,specific_date,2026-10-02,2026-10-12,,,pending,,pending,micro@enicarpharma.com,,,,HIGH_FREQ; sheet: October,Micro/EM  Schedule-2026-Air Sampling Monitoring 2026.xlsx
MIC-EMSET-002-20261002,Micro,EM - Settle Plate,EM settle plate - Production area First floor Unit 1,116A/01,environmental_monitoring,per-schedule,specific_date,2026-10-02,2026-10-12,,,pending,,pending,micro@enicarpharma.com,,,,HIGH_FREQ; sheet: October,Micro/EM  Schedule-2026-Settle Plate Monitoring 2026.xlsx
MIC-EMAIR-003-20261003,Micro,EM - Air Sampling,EM air sampling - Production Area (Unit 1- Ground Floor),204/00,environmental_monitoring,per-schedule,specific_date,2026-10-03,2026-10-13,,,pending,,pending,micro@enicarpharma.com,,,,HIGH_FREQ; sheet: October,Micro/EM  Schedule-2026-Air Sampling Monitoring 2026.xlsx
MIC-EMSET-003-20261003,Micro,EM - Settle Plate,EM settle plate - Production area ground floor Unit 1,123/01,environmental_monitoring,per-schedule,specific_date,2026-10-03,2026-10-13,,,pending,,pending,micro@enicarpharma.com,,,,HIGH_FREQ; sheet: October,Micro/EM  Schedule-2026-Settle Plate Monitoring 2026.xlsx
MIC-EMAIR-004-20261004,Micro,EM - Air Sampling,EM air sampling - Microbiology Section,205/00,environmental_monitoring,per-schedule,specific_date,2026-10-04,2026-10-14,,,pending,,pending,micro@enicarpharma.com,,,,HIGH_FREQ; sheet: October,Micro/EM  Schedule-2026-Air Sampling Monitoring 2026.xlsx
MIC-EMSET-004-20261004,Micro,EM - Settle Plate,EM settle plate - Micro section,128/01,environmental_monitoring,per-schedule,specific_date,2026-10-04,2026-10-14,,,pending,,pending,micro@enicarpharma.com,,,,HIGH_FREQ; sheet: October,Micro/EM  Schedule-2026-Settle Plate Monitoring 2026.xlsx
MIC-EMAIR-005-20261008,Micro,EM - Air Sampling,EM air sampling - Ground Floor (Unit 2),206/00,environmental_monitoring,per-schedule,specific_date,2026-10-08,2026-10-18,,,pending,,pending,micro@enicarpharma.com,,,,HIGH_FREQ; sheet: October,Micro/EM  Schedule-2026-Air Sampling Monitoring 2026.xlsx
MIC-EMSET-005-20261008,Micro,EM - Settle Plate,EM settle plate - LAF MLT/Live culture,129/01,environmental_monitoring,per-schedule,specific_date,2026-10-08,2026-10-18,,,pending,,pending,micro@enicarpharma.com,,,,HIGH_FREQ; sheet: October,Micro/EM  Schedule-2026-Settle Plate Monitoring 2026.xlsx
MIC-VAL-008-20261008,Micro,Validation,Re-validate Sterilization Autoclave,QCM/02030,re-validation,yearly,specific_date,2026-10-08,2026-10-18,2025-10-09,,pending,,pending,micro@enicarpharma.com,,,,raw freq: Yearly; Outside agency; sheet: Re-validation Planner 26-27,Micro/Calibration & validation  Planner_26_27_Micro.xls
MIC-VAL-009-20261008,Micro,Validation,Re-validate Destruction Autoclave,QCM/02033,re-validation,yearly,specific_date,2026-10-08,2026-10-18,2025-10-09,,pending,,pending,micro@enicarpharma.com,,,,raw freq: Yearly; Outside agency; sheet: Re-validation Planner 26-27,Micro/Calibration & validation  Planner_26_27_Micro.xls
MIC-EMAIR-006-20261009,Micro,EM - Air Sampling,EM air sampling - First Floor- Production Service Area (Unit 2),207/00,environmental_monitoring,per-schedule,specific_date,2026-10-09,2026-10-19,,,pending,,pending,micro@enicarpharma.com,,,,HIGH_FREQ; sheet: October,Micro/EM  Schedule-2026-Air Sampling Monitoring 2026.xlsx
MIC-EMSET-006-20261009,Micro,EM - Settle Plate,EM settle plate - Ground floor Unit 2,157/01,environmental_monitoring,per-schedule,specific_date,2026-10-09,2026-10-19,,,pending,,pending,micro@enicarpharma.com,,,,HIGH_FREQ; sheet: October,Micro/EM  Schedule-2026-Settle Plate Monitoring 2026.xlsx
MIC-EMAIR-010-20261010,Micro,EM - Air Sampling,EM air sampling - Dynamic Passbox,210/00,environmental_monitoring,per-schedule,specific_date,2026-10-10,2026-10-20,,,pending,,pending,micro@enicarpharma.com,,,,HIGH_FREQ; sheet: October,Micro/EM  Schedule-2026-Air Sampling Monitoring 2026.xlsx
MIC-EMSET-007-20261010,Micro,EM - Settle Plate,EM settle plate - First floor Unit 2,158/01,environmental_monitoring,per-schedule,specific_date,2026-10-10,2026-10-20,,,pending,,pending,micro@enicarpharma.com,,,,HIGH_FREQ; sheet: October,Micro/EM  Schedule-2026-Settle Plate Monitoring 2026.xlsx
MIC-EMSET-008-20261011,Micro,EM - Settle Plate,EM settle plate - First floor service area Unit 2,160/01,environmental_monitoring,per-schedule,specific_date,2026-10-11,2026-10-21,,,pending,,pending,micro@enicarpharma.com,,,,HIGH_FREQ; sheet: October,Micro/EM  Schedule-2026-Settle Plate Monitoring 2026.xlsx
MIC-EMAIR-008-20261015,Micro,EM - Air Sampling,"EM air sampling - Premixing, Storage And Filtration Area (Unit 2)",208/00,environmental_monitoring,per-schedule,specific_date,2026-10-15,2026-10-25,,,pending,,pending,micro@enicarpharma.com,,,,HIGH_FREQ; sheet: October,Micro/EM  Schedule-2026-Air Sampling Monitoring 2026.xlsx
MIC-EMSET-009-20261015,Micro,EM - Settle Plate,EM settle plate - Second floor premixing area Unit 2,161/01,environmental_monitoring,per-schedule,specific_date,2026-10-15,2026-10-25,,,pending,,pending,micro@enicarpharma.com,,,,HIGH_FREQ; sheet: October,Micro/EM  Schedule-2026-Settle Plate Monitoring 2026.xlsx
MIC-EMSET-010-20261016,Micro,EM - Settle Plate,EM settle plate - Second floor Unit 2,162/01,environmental_monitoring,per-schedule,specific_date,2026-10-16,2026-10-26,,,pending,,pending,micro@enicarpharma.com,,,,HIGH_FREQ; sheet: October,Micro/EM  Schedule-2026-Settle Plate Monitoring 2026.xlsx
MIC-EMSET-011-20261017,Micro,EM - Settle Plate,EM settle plate - Dynamic pass box unit Unit 2,163/01,environmental_monitoring,per-schedule,specific_date,2026-10-17,2026-10-27,,,pending,,pending,micro@enicarpharma.com,,,,HIGH_FREQ; sheet: October,Micro/EM  Schedule-2026-Settle Plate Monitoring 2026.xlsx
MIC-EMAIR-012-20261018,Micro,EM - Air Sampling,EM air sampling - Second Floor- Raw Material (Unit 2),209/00,environmental_monitoring,per-schedule,specific_date,2026-10-18,2026-10-28,,,pending,,pending,micro@enicarpharma.com,,,,HIGH_FREQ; sheet: October,Micro/EM  Schedule-2026-Air Sampling Monitoring 2026.xlsx
MIC-EMSET-012-20261018,Micro,EM - Settle Plate,EM settle plate - Dispensing LAF active/inactive,164/02,environmental_monitoring,per-schedule,specific_date,2026-10-18,2026-10-28,,,pending,,pending,micro@enicarpharma.com,,,,HIGH_FREQ; sheet: October,Micro/EM  Schedule-2026-Settle Plate Monitoring 2026.xlsx
MIC-EMSET-013-20261022,Micro,EM - Settle Plate,EM settle plate - Sampling LAF active/inactive,165/02,environmental_monitoring,per-schedule,specific_date,2026-10-22,2026-11-01,,,pending,,pending,micro@enicarpharma.com,,,,HIGH_FREQ; sheet: October,Micro/EM  Schedule-2026-Settle Plate Monitoring 2026.xlsx
MIC-EMSET-014-20261023,Micro,EM - Settle Plate,EM settle plate - Ointment mfg area,193/00,environmental_monitoring,per-schedule,specific_date,2026-10-23,2026-11-02,,,pending,,pending,micro@enicarpharma.com,,,,HIGH_FREQ; sheet: October,Micro/EM  Schedule-2026-Settle Plate Monitoring 2026.xlsx
MIC-EMSET-015-20261024,Micro,EM - Settle Plate,EM settle plate - External preparation mfg area,194/00,environmental_monitoring,per-schedule,specific_date,2026-10-24,2026-11-03,,,pending,,pending,micro@enicarpharma.com,,,,HIGH_FREQ; sheet: October,Micro/EM  Schedule-2026-Settle Plate Monitoring 2026.xlsx
MIC-EMSET-016-20261025,Micro,EM - Settle Plate,EM settle plate - Production area Unit-I filling line 5 Unit 1,195/00,environmental_monitoring,per-schedule,specific_date,2026-10-25,2026-11-04,,,pending,,pending,micro@enicarpharma.com,,,,HIGH_FREQ; sheet: October,Micro/EM  Schedule-2026-Settle Plate Monitoring 2026.xlsx
SOP-QC-148-20261027,Micro,SOP Review,Review SOP-QC-148 - Identification of Environmental Isolates,SOP-QC-148,sop_review,two-yearly,specific_date,2026-10-27,2026-11-06,2024-10-28,,pending,,pending,micro@enicarpharma.com,,,,SOP INDEX sheet MICRO; issued 2024-10-28,QA_SOP/SOP INDEX.xlsx
MIC-EMAIR-001-20261102,Micro,EM - Air Sampling,EM air sampling - Production Area (Unit 1- Second Floor),202/00,environmental_monitoring,per-schedule,specific_date,2026-11-02,2026-11-12,,,pending,,pending,micro@enicarpharma.com,,,,HIGH_FREQ; sheet: November,Micro/EM  Schedule-2026-Air Sampling Monitoring 2026.xlsx
MIC-EMSET-001-20261102,Micro,EM - Settle Plate,EM settle plate - Production area second floor Unit 1,116/01,environmental_monitoring,per-schedule,specific_date,2026-11-02,2026-11-12,,,pending,,pending,micro@enicarpharma.com,,,,HIGH_FREQ; sheet: November,Micro/EM  Schedule-2026-Settle Plate Monitoring 2026.xlsx
MIC-EMAIR-002-20261103,Micro,EM - Air Sampling,EM air sampling - Production Area (Unit 1- First Floor),203/00,environmental_monitoring,per-schedule,specific_date,2026-11-03,2026-11-13,,,pending,,pending,micro@enicarpharma.com,,,,HIGH_FREQ; sheet: November,Micro/EM  Schedule-2026-Air Sampling Monitoring 2026.xlsx
MIC-EMSET-002-20261103,Micro,EM - Settle Plate,EM settle plate - Production area First floor Unit 1,116A/01,environmental_monitoring,per-schedule,specific_date,2026-11-03,2026-11-13,,,pending,,pending,micro@enicarpharma.com,,,,HIGH_FREQ; sheet: November,Micro/EM  Schedule-2026-Settle Plate Monitoring 2026.xlsx
MIC-EMAIR-003-20261104,Micro,EM - Air Sampling,EM air sampling - Production Area (Unit 1- Ground Floor),204/00,environmental_monitoring,per-schedule,specific_date,2026-11-04,2026-11-14,,,pending,,pending,micro@enicarpharma.com,,,,HIGH_FREQ; sheet: November,Micro/EM  Schedule-2026-Air Sampling Monitoring 2026.xlsx
MIC-EMSET-003-20261104,Micro,EM - Settle Plate,EM settle plate - Production area ground floor Unit 1,123/01,environmental_monitoring,per-schedule,specific_date,2026-11-04,2026-11-14,,,pending,,pending,micro@enicarpharma.com,,,,HIGH_FREQ; sheet: November,Micro/EM  Schedule-2026-Settle Plate Monitoring 2026.xlsx
MIC-EMAIR-004-20261105,Micro,EM - Air Sampling,EM air sampling - Microbiology Section,205/00,environmental_monitoring,per-schedule,specific_date,2026-11-05,2026-11-15,,,pending,,pending,micro@enicarpharma.com,,,,HIGH_FREQ; sheet: November,Micro/EM  Schedule-2026-Air Sampling Monitoring 2026.xlsx
MIC-EMSET-004-20261105,Micro,EM - Settle Plate,EM settle plate - Micro section,128/01,environmental_monitoring,per-schedule,specific_date,2026-11-05,2026-11-15,,,pending,,pending,micro@enicarpharma.com,,,,HIGH_FREQ; sheet: November,Micro/EM  Schedule-2026-Settle Plate Monitoring 2026.xlsx
MIC-EMAIR-005-20261108,Micro,EM - Air Sampling,EM air sampling - Ground Floor (Unit 2),206/00,environmental_monitoring,per-schedule,specific_date,2026-11-08,2026-11-18,,,pending,,pending,micro@enicarpharma.com,,,,HIGH_FREQ; sheet: November,Micro/EM  Schedule-2026-Air Sampling Monitoring 2026.xlsx
MIC-EMAIR-006-20261109,Micro,EM - Air Sampling,EM air sampling - First Floor- Production Service Area (Unit 2),207/00,environmental_monitoring,per-schedule,specific_date,2026-11-09,2026-11-19,,,pending,,pending,micro@enicarpharma.com,,,,HIGH_FREQ; sheet: November,Micro/EM  Schedule-2026-Air Sampling Monitoring 2026.xlsx
MIC-EMSET-005-20261109,Micro,EM - Settle Plate,EM settle plate - LAF MLT/Live culture,129/01,environmental_monitoring,per-schedule,specific_date,2026-11-09,2026-11-19,,,pending,,pending,micro@enicarpharma.com,,,,HIGH_FREQ; sheet: November,Micro/EM  Schedule-2026-Settle Plate Monitoring 2026.xlsx
MIC-EMAIR-011-20261110,Micro,EM - Air Sampling,EM air sampling - Dynamic Passbox (Unit 2),210/00,environmental_monitoring,per-schedule,specific_date,2026-11-10,2026-11-20,,,pending,,pending,micro@enicarpharma.com,,,,HIGH_FREQ; sheet: November,Micro/EM  Schedule-2026-Air Sampling Monitoring 2026.xlsx
MIC-EMSET-006-20261110,Micro,EM - Settle Plate,EM settle plate - Ground floor Unit 2,157/01,environmental_monitoring,per-schedule,specific_date,2026-11-10,2026-11-20,,,pending,,pending,micro@enicarpharma.com,,,,HIGH_FREQ; sheet: November,Micro/EM  Schedule-2026-Settle Plate Monitoring 2026.xlsx
MIC-EMSET-007-20261111,Micro,EM - Settle Plate,EM settle plate - First floor Unit 2,158/01,environmental_monitoring,per-schedule,specific_date,2026-11-11,2026-11-21,,,pending,,pending,micro@enicarpharma.com,,,,HIGH_FREQ; sheet: November,Micro/EM  Schedule-2026-Settle Plate Monitoring 2026.xlsx
MIC-EMSET-008-20261112,Micro,EM - Settle Plate,EM settle plate - First floor service area Unit 2,160/01,environmental_monitoring,per-schedule,specific_date,2026-11-12,2026-11-22,,,pending,,pending,micro@enicarpharma.com,,,,HIGH_FREQ; sheet: November,Micro/EM  Schedule-2026-Settle Plate Monitoring 2026.xlsx
MIC-EMAIR-008-20261115,Micro,EM - Air Sampling,"EM air sampling - Premixing, Storage And Filtration Area (Unit 2)",208/00,environmental_monitoring,per-schedule,specific_date,2026-11-15,2026-11-25,,,pending,,pending,micro@enicarpharma.com,,,,HIGH_FREQ; sheet: November,Micro/EM  Schedule-2026-Air Sampling Monitoring 2026.xlsx
MIC-EMSET-009-20261116,Micro,EM - Settle Plate,EM settle plate - Second floor premixing area Unit 2,161/01,environmental_monitoring,per-schedule,specific_date,2026-11-16,2026-11-26,,,pending,,pending,micro@enicarpharma.com,,,,HIGH_FREQ; sheet: November,Micro/EM  Schedule-2026-Settle Plate Monitoring 2026.xlsx
MIC-EMSET-010-20261117,Micro,EM - Settle Plate,EM settle plate - Second floor Unit 2,162/01,environmental_monitoring,per-schedule,specific_date,2026-11-17,2026-11-27,,,pending,,pending,micro@enicarpharma.com,,,,HIGH_FREQ; sheet: November,Micro/EM  Schedule-2026-Settle Plate Monitoring 2026.xlsx
MIC-CAL-008-20261118,Micro,Instrument Calibration,Calibrate Zone Reader,QCM/02028,calibration,quarterly,specific_date,2026-11-18,2026-11-28,2026-05-20,,pending,,pending,micro@enicarpharma.com,,,,raw freq: Quarterly; sheet: Calibration Planner 26-27,Micro/Calibration & validation  Planner_26_27_Micro.xls
MIC-EMAIR-012-20261118,Micro,EM - Air Sampling,EM air sampling - Second Floor- Raw Material (Unit 2),209/00,environmental_monitoring,per-schedule,specific_date,2026-11-18,2026-11-28,,,pending,,pending,micro@enicarpharma.com,,,,HIGH_FREQ; sheet: November,Micro/EM  Schedule-2026-Air Sampling Monitoring 2026.xlsx
MIC-EMSET-018-20261118,Micro,EM - Settle Plate,EM settle plate - Dynamic pass box unit 2,163/01,environmental_monitoring,per-schedule,specific_date,2026-11-18,2026-11-28,,,pending,,pending,micro@enicarpharma.com,,,,HIGH_FREQ; sheet: November,Micro/EM  Schedule-2026-Settle Plate Monitoring 2026.xlsx
MIC-EMSET-012-20261119,Micro,EM - Settle Plate,EM settle plate - Dispensing LAF active/inactive,164/02,environmental_monitoring,per-schedule,specific_date,2026-11-19,2026-11-29,,,pending,,pending,micro@enicarpharma.com,,,,HIGH_FREQ; sheet: November,Micro/EM  Schedule-2026-Settle Plate Monitoring 2026.xlsx
MIC-EMSET-013-20261123,Micro,EM - Settle Plate,EM settle plate - Sampling LAF active/inactive,165/02,environmental_monitoring,per-schedule,specific_date,2026-11-23,2026-12-03,,,pending,,pending,micro@enicarpharma.com,,,,HIGH_FREQ; sheet: November,Micro/EM  Schedule-2026-Settle Plate Monitoring 2026.xlsx
MIC-EMSET-014-20261124,Micro,EM - Settle Plate,EM settle plate - Ointment mfg area,193/00,environmental_monitoring,per-schedule,specific_date,2026-11-24,2026-12-04,,,pending,,pending,micro@enicarpharma.com,,,,HIGH_FREQ; sheet: November,Micro/EM  Schedule-2026-Settle Plate Monitoring 2026.xlsx
MIC-EMSET-015-20261125,Micro,EM - Settle Plate,EM settle plate - External preparation mfg area,194/00,environmental_monitoring,per-schedule,specific_date,2026-11-25,2026-12-05,,,pending,,pending,micro@enicarpharma.com,,,,HIGH_FREQ; sheet: November,Micro/EM  Schedule-2026-Settle Plate Monitoring 2026.xlsx
MIC-EMSET-016-20261126,Micro,EM - Settle Plate,EM settle plate - Production area Unit-I filling line 5 Unit 1,195/00,environmental_monitoring,per-schedule,specific_date,2026-11-26,2026-12-06,,,pending,,pending,micro@enicarpharma.com,,,,HIGH_FREQ; sheet: November,Micro/EM  Schedule-2026-Settle Plate Monitoring 2026.xlsx
MIC-EMAIR-001-20261201,Micro,EM - Air Sampling,EM air sampling - Production Area (Unit 1- Second Floor),202/00,environmental_monitoring,per-schedule,specific_date,2026-12-01,2026-12-11,,,pending,,pending,micro@enicarpharma.com,,,,HIGH_FREQ; sheet: December,Micro/EM  Schedule-2026-Air Sampling Monitoring 2026.xlsx
MIC-EMSET-001-20261201,Micro,EM - Settle Plate,EM settle plate - Production area second floor Unit 1,116/01,environmental_monitoring,per-schedule,specific_date,2026-12-01,2026-12-11,,,pending,,pending,micro@enicarpharma.com,,,,HIGH_FREQ; sheet: December,Micro/EM  Schedule-2026-Settle Plate Monitoring 2026.xlsx
MIC-EMAIR-002-20261202,Micro,EM - Air Sampling,EM air sampling - Production Area (Unit 1- First Floor),203/00,environmental_monitoring,per-schedule,specific_date,2026-12-02,2026-12-12,,,pending,,pending,micro@enicarpharma.com,,,,HIGH_FREQ; sheet: December,Micro/EM  Schedule-2026-Air Sampling Monitoring 2026.xlsx
MIC-EMSET-002-20261202,Micro,EM - Settle Plate,EM settle plate - Production area First floor Unit 1,116A/01,environmental_monitoring,per-schedule,specific_date,2026-12-02,2026-12-12,,,pending,,pending,micro@enicarpharma.com,,,,HIGH_FREQ; sheet: December,Micro/EM  Schedule-2026-Settle Plate Monitoring 2026.xlsx
MIC-EMAIR-003-20261203,Micro,EM - Air Sampling,EM air sampling - Production Area (Unit 1- Ground Floor),204/00,environmental_monitoring,per-schedule,specific_date,2026-12-03,2026-12-13,,,pending,,pending,micro@enicarpharma.com,,,,HIGH_FREQ; sheet: December,Micro/EM  Schedule-2026-Air Sampling Monitoring 2026.xlsx
MIC-EMSET-003-20261203,Micro,EM - Settle Plate,EM settle plate - Production area ground floor Unit 1,123/01,environmental_monitoring,per-schedule,specific_date,2026-12-03,2026-12-13,,,pending,,pending,micro@enicarpharma.com,,,,HIGH_FREQ; sheet: December,Micro/EM  Schedule-2026-Settle Plate Monitoring 2026.xlsx
MIC-EMAIR-004-20261204,Micro,EM - Air Sampling,EM air sampling - Microbiology Section,205/00,environmental_monitoring,per-schedule,specific_date,2026-12-04,2026-12-14,,,pending,,pending,micro@enicarpharma.com,,,,HIGH_FREQ; sheet: December,Micro/EM  Schedule-2026-Air Sampling Monitoring 2026.xlsx
MIC-EMSET-004-20261204,Micro,EM - Settle Plate,EM settle plate - Micro section,128/01,environmental_monitoring,per-schedule,specific_date,2026-12-04,2026-12-14,,,pending,,pending,micro@enicarpharma.com,,,,HIGH_FREQ; sheet: December,Micro/EM  Schedule-2026-Settle Plate Monitoring 2026.xlsx
MIC-VAL-010-20261205,Micro,Validation,Re-validate Dynamic Pass Box,QCM/02018,re-validation,half-yearly,specific_date,2026-12-05,2026-12-15,2026-06-06,,pending,,pending,micro@enicarpharma.com,,,,raw freq: Half Yearly; Outside agency; sheet: Re-validation Planner 26-27,Micro/Calibration & validation  Planner_26_27_Micro.xls
MIC-EMAIR-005-20261208,Micro,EM - Air Sampling,EM air sampling - Ground Floor (Unit 2),206/00,environmental_monitoring,per-schedule,specific_date,2026-12-08,2026-12-18,,,pending,,pending,micro@enicarpharma.com,,,,HIGH_FREQ; sheet: December,Micro/EM  Schedule-2026-Air Sampling Monitoring 2026.xlsx
MIC-EMSET-005-20261208,Micro,EM - Settle Plate,EM settle plate - LAF MLT/Live culture,129/01,environmental_monitoring,per-schedule,specific_date,2026-12-08,2026-12-18,,,pending,,pending,micro@enicarpharma.com,,,,HIGH_FREQ; sheet: December,Micro/EM  Schedule-2026-Settle Plate Monitoring 2026.xlsx
MIC-EMAIR-006-20261209,Micro,EM - Air Sampling,EM air sampling - First Floor- Production Service Area (Unit 2),207/00,environmental_monitoring,per-schedule,specific_date,2026-12-09,2026-12-19,,,pending,,pending,micro@enicarpharma.com,,,,HIGH_FREQ; sheet: December,Micro/EM  Schedule-2026-Air Sampling Monitoring 2026.xlsx
MIC-EMSET-006-20261209,Micro,EM - Settle Plate,EM settle plate - Ground floor Unit 2,157/01,environmental_monitoring,per-schedule,specific_date,2026-12-09,2026-12-19,,,pending,,pending,micro@enicarpharma.com,,,,HIGH_FREQ; sheet: December,Micro/EM  Schedule-2026-Settle Plate Monitoring 2026.xlsx
MIC-EMAIR-011-20261210,Micro,EM - Air Sampling,EM air sampling - Dynamic Passbox (Unit 2),210/00,environmental_monitoring,per-schedule,specific_date,2026-12-10,2026-12-20,,,pending,,pending,micro@enicarpharma.com,,,,HIGH_FREQ; sheet: December,Micro/EM  Schedule-2026-Air Sampling Monitoring 2026.xlsx
MIC-EMSET-007-20261210,Micro,EM - Settle Plate,EM settle plate - First floor Unit 2,158/01,environmental_monitoring,per-schedule,specific_date,2026-12-10,2026-12-20,,,pending,,pending,micro@enicarpharma.com,,,,HIGH_FREQ; sheet: December,Micro/EM  Schedule-2026-Settle Plate Monitoring 2026.xlsx
MIC-EMSET-008-20261211,Micro,EM - Settle Plate,EM settle plate - First floor service area Unit 2,160/01,environmental_monitoring,per-schedule,specific_date,2026-12-11,2026-12-21,,,pending,,pending,micro@enicarpharma.com,,,,HIGH_FREQ; sheet: December,Micro/EM  Schedule-2026-Settle Plate Monitoring 2026.xlsx
MIC-EMAIR-008-20261215,Micro,EM - Air Sampling,"EM air sampling - Premixing, Storage And Filtration Area (Unit 2)",208/00,environmental_monitoring,per-schedule,specific_date,2026-12-15,2026-12-25,,,pending,,pending,micro@enicarpharma.com,,,,HIGH_FREQ; sheet: December,Micro/EM  Schedule-2026-Air Sampling Monitoring 2026.xlsx
MIC-EMSET-009-20261215,Micro,EM - Settle Plate,EM settle plate - Second floor premixing area Unit 2,161/01,environmental_monitoring,per-schedule,specific_date,2026-12-15,2026-12-25,,,pending,,pending,micro@enicarpharma.com,,,,HIGH_FREQ; sheet: December,Micro/EM  Schedule-2026-Settle Plate Monitoring 2026.xlsx
MIC-EMSET-010-20261216,Micro,EM - Settle Plate,EM settle plate - Second floor Unit 2,162/01,environmental_monitoring,per-schedule,specific_date,2026-12-16,2026-12-26,,,pending,,pending,micro@enicarpharma.com,,,,HIGH_FREQ; sheet: December,Micro/EM  Schedule-2026-Settle Plate Monitoring 2026.xlsx
MIC-CAL-009-20261217,Micro,Instrument Calibration,Calibrate Conony Counter,QCM/02008,calibration,quarterly,specific_date,2026-12-17,2026-12-27,2026-06-19,,pending,,pending,micro@enicarpharma.com,,,,raw freq: Quarterly; sheet: Calibration Planner 26-27,Micro/Calibration & validation  Planner_26_27_Micro.xls
MIC-EMSET-018-20261217,Micro,EM - Settle Plate,EM settle plate - Dynamic pass box unit 2,163/01,environmental_monitoring,per-schedule,specific_date,2026-12-17,2026-12-27,,,pending,,pending,micro@enicarpharma.com,,,,HIGH_FREQ; sheet: December,Micro/EM  Schedule-2026-Settle Plate Monitoring 2026.xlsx
MIC-EMAIR-012-20261218,Micro,EM - Air Sampling,EM air sampling - Second Floor- Raw Material (Unit 2),209/00,environmental_monitoring,per-schedule,specific_date,2026-12-18,2026-12-28,,,pending,,pending,micro@enicarpharma.com,,,,HIGH_FREQ; sheet: December,Micro/EM  Schedule-2026-Air Sampling Monitoring 2026.xlsx
MIC-EMSET-012-20261218,Micro,EM - Settle Plate,EM settle plate - Dispensing LAF active/inactive,164/02,environmental_monitoring,per-schedule,specific_date,2026-12-18,2026-12-28,,,pending,,pending,micro@enicarpharma.com,,,,HIGH_FREQ; sheet: December,Micro/EM  Schedule-2026-Settle Plate Monitoring 2026.xlsx
MIC-CAL-012-20261221,Micro,Instrument Calibration,Calibrate Weghing Balance,QCM/02020,calibration,quarterly,specific_date,2026-12-21,2026-12-31,2026-06-23,,pending,,pending,micro@enicarpharma.com,,,,raw freq: Quarterly; sheet: Calibration Planner 26-27,Micro/Calibration & validation  Planner_26_27_Micro.xls
MIC-EMSET-013-20261222,Micro,EM - Settle Plate,EM settle plate - Sampling LAF active/inactive,165/02,environmental_monitoring,per-schedule,specific_date,2026-12-22,2027-01-01,,,pending,,pending,micro@enicarpharma.com,,,,HIGH_FREQ; sheet: December,Micro/EM  Schedule-2026-Settle Plate Monitoring 2026.xlsx
MIC-EMSET-014-20261223,Micro,EM - Settle Plate,EM settle plate - Ointment mfg area,193/00,environmental_monitoring,per-schedule,specific_date,2026-12-23,2027-01-02,,,pending,,pending,micro@enicarpharma.com,,,,HIGH_FREQ; sheet: December,Micro/EM  Schedule-2026-Settle Plate Monitoring 2026.xlsx
MIC-EMSET-015-20261224,Micro,EM - Settle Plate,EM settle plate - External preparation mfg area,194/00,environmental_monitoring,per-schedule,specific_date,2026-12-24,2027-01-03,,,pending,,pending,micro@enicarpharma.com,,,,HIGH_FREQ; sheet: December,Micro/EM  Schedule-2026-Settle Plate Monitoring 2026.xlsx
MIC-EMSET-016-20261225,Micro,EM - Settle Plate,EM settle plate - Production area Unit-I filling line 5 Unit 1,195/00,environmental_monitoring,per-schedule,specific_date,2026-12-25,2027-01-04,,,pending,,pending,micro@enicarpharma.com,,,,HIGH_FREQ; sheet: December,Micro/EM  Schedule-2026-Settle Plate Monitoring 2026.xlsx
SOP-QC-149-20270121,Micro,SOP Review,Review SOP-QC-149 - Operation and Calibration Procedure of Air Sampler With Compress Air Accessories,SOP-QC-149,sop_review,two-yearly,specific_date,2027-01-21,2027-01-31,2025-01-22,,pending,,pending,micro@enicarpharma.com,,,,SOP INDEX sheet MICRO; issued 2025-01-22,QA_SOP/SOP INDEX.xlsx
MIC-CAL-008-20270217,Micro,Instrument Calibration,Calibrate Zone Reader,QCM/02028,calibration,quarterly,specific_date,2027-02-17,2027-02-27,2026-05-20,,pending,,pending,micro@enicarpharma.com,,,,raw freq: Quarterly; sheet: Calibration Planner 26-27,Micro/Calibration & validation  Planner_26_27_Micro.xls
MIC-CAL-009-20270316,Micro,Instrument Calibration,Calibrate Conony Counter,QCM/02008,calibration,quarterly,specific_date,2027-03-16,2027-03-26,2026-06-19,,pending,,pending,micro@enicarpharma.com,,,,raw freq: Quarterly; sheet: Calibration Planner 26-27,Micro/Calibration & validation  Planner_26_27_Micro.xls
SOP-QC-113-20270317,Micro,SOP Review,Review SOP-QC-113 - Microbial Limit Test of Primary Packing Material,SOP-QC-113,sop_review,two-yearly,specific_date,2027-03-17,2027-03-27,2025-03-18,,pending,,pending,micro@enicarpharma.com,,,,SOP INDEX sheet MICRO; issued 2025-03-18,QA_SOP/SOP INDEX.xlsx
MIC-CAL-012-20270320,Micro,Instrument Calibration,Calibrate Weghing Balance,QCM/02020,calibration,quarterly,specific_date,2027-03-20,2027-03-30,2026-06-23,,pending,,pending,micro@enicarpharma.com,,,,raw freq: Quarterly; sheet: Calibration Planner 26-27,Micro/Calibration & validation  Planner_26_27_Micro.xls
SOP-QC-146-20270323,Micro,SOP Review,Review SOP-QC-146 - Heating Mantle,SOP-QC-146,sop_review,two-yearly,specific_date,2027-03-23,2027-04-02,2025-03-24,,pending,,pending,micro@enicarpharma.com,,,,SOP INDEX sheet MICRO; issued 2025-03-24,QA_SOP/SOP INDEX.xlsx
SOP-QC-111-20270412,Micro,SOP Review,Review SOP-QC-111 - Microbial Limit Test of Water,SOP-QC-111,sop_review,two-yearly,specific_date,2027-04-12,2027-04-22,2025-04-13,,pending,,pending,micro@enicarpharma.com,,,,SOP INDEX sheet MICRO; issued 2025-04-13,QA_SOP/SOP INDEX.xlsx
SOP-QC-112-20270412,Micro,SOP Review,Review SOP-QC-112 - Microbial Limit Tests of Raw Material and Finished Product,SOP-QC-112,sop_review,two-yearly,specific_date,2027-04-12,2027-04-22,2025-04-13,,pending,,pending,micro@enicarpharma.com,,,,SOP INDEX sheet MICRO; issued 2025-04-13,QA_SOP/SOP INDEX.xlsx
SOP-QC-135-20270412,Micro,SOP Review,Review SOP-QC-135 - Operation of Colony Counter and Calibration Procedure,SOP-QC-135,sop_review,two-yearly,specific_date,2027-04-12,2027-04-22,2025-04-13,,pending,,pending,micro@enicarpharma.com,,,,SOP INDEX sheet MICRO; issued 2025-04-13,QA_SOP/SOP INDEX.xlsx
SOP-QC-103-20270505,Micro,SOP Review,Review SOP-QC-103 - Operation of Autoclave,SOP-QC-103,sop_review,two-yearly,specific_date,2027-05-05,2027-05-15,2025-05-06,,pending,,pending,micro@enicarpharma.com,,,,SOP INDEX sheet MICRO; issued 2025-05-06,QA_SOP/SOP INDEX.xlsx
SOP-QC-106-20270507,Micro,SOP Review,Review SOP-QC-106 - Preparation and Destruction of Media and Cultures For Microbiological Analysis,SOP-QC-106,sop_review,two-yearly,specific_date,2027-05-07,2027-05-17,2025-05-08,,pending,,pending,micro@enicarpharma.com,,,,SOP INDEX sheet MICRO; issued 2025-05-08,QA_SOP/SOP INDEX.xlsx
SOP-QC-125-20270508,Micro,SOP Review,Review SOP-QC-125 - Cleaning of Microbiology Section,SOP-QC-125,sop_review,two-yearly,specific_date,2027-05-08,2027-05-18,2025-05-09,,pending,,pending,micro@enicarpharma.com,,,,SOP INDEX sheet MICRO; issued 2025-05-09,QA_SOP/SOP INDEX.xlsx
SOP-QC-134-20270508,Micro,SOP Review,Review SOP-QC-134 - Microbial Limit Tests of Bulk Product,SOP-QC-134,sop_review,two-yearly,specific_date,2027-05-08,2027-05-18,2025-05-09,,pending,,pending,micro@enicarpharma.com,,,,SOP INDEX sheet MICRO; issued 2025-05-09,QA_SOP/SOP INDEX.xlsx
SOP-QC-108-20270511,Micro,SOP Review,Review SOP-QC-108 - Destruction of Expired Media Pack,SOP-QC-108,sop_review,two-yearly,specific_date,2027-05-11,2027-05-21,2025-05-12,,pending,,pending,micro@enicarpharma.com,,,,SOP INDEX sheet MICRO; issued 2025-05-12,QA_SOP/SOP INDEX.xlsx
SOP-QC-139-20270511,Micro,SOP Review,Review SOP-QC-139 - Operation and Calibration of pH Meter,SOP-QC-139,sop_review,two-yearly,specific_date,2027-05-11,2027-05-21,2025-05-12,,pending,,pending,micro@enicarpharma.com,,,,SOP INDEX sheet MICRO; issued 2025-05-12,QA_SOP/SOP INDEX.xlsx
SOP-QC-110-20270512,Micro,SOP Review,Review SOP-QC-110 - Operation and Calibration Procedure of Laminar Air Flow Work Station,SOP-QC-110,sop_review,two-yearly,specific_date,2027-05-12,2027-05-22,2025-05-13,,pending,,pending,micro@enicarpharma.com,,,,SOP INDEX sheet MICRO; issued 2025-05-13,QA_SOP/SOP INDEX.xlsx
SOP-QC-123-20270515,Micro,SOP Review,Review SOP-QC-123 - Operation and Calibration and Temperature Monitoring Procedure for Incubator,SOP-QC-123,sop_review,two-yearly,specific_date,2027-05-15,2027-05-25,2025-05-16,,pending,,pending,micro@enicarpharma.com,,,,SOP INDEX sheet MICRO; issued 2025-05-16,QA_SOP/SOP INDEX.xlsx
SOP-QC-101-20270523,Micro,SOP Review,Review SOP-QC-101 - Entry and Exit in Microbiology Section,SOP-QC-101,sop_review,two-yearly,specific_date,2027-05-23,2027-06-02,2025-05-24,,pending,,pending,micro@enicarpharma.com,,,,SOP INDEX sheet MICRO; issued 2025-05-24,QA_SOP/SOP INDEX.xlsx
MIC-CAL-001-20270530,Micro,Instrument Calibration,Calibrate Refrigerator,QCM/02011,calibration,yearly,specific_date,2027-05-30,2027-06-09,2026-06-01,,pending,,pending,micro@enicarpharma.com,,,,raw freq: Yearly; Outside agency; sheet: Calibration Planner 26-27,Micro/Calibration & validation  Planner_26_27_Micro.xls
MIC-CAL-002-20270530,Micro,Instrument Calibration,Calibrate BOD Incubator,QCM/02032,calibration,yearly,specific_date,2027-05-30,2027-06-09,2026-06-01,,pending,,pending,micro@enicarpharma.com,,,,raw freq: Yearly; Outside agency; sheet: Calibration Planner 26-27,Micro/Calibration & validation  Planner_26_27_Micro.xls
MIC-CAL-003-20270530,Micro,Instrument Calibration,Calibrate Bacterialogical Incubator,QCM/02029,calibration,yearly,specific_date,2027-05-30,2027-06-09,2026-06-01,,pending,,pending,micro@enicarpharma.com,,,,raw freq: Yearly; Outside agency; sheet: Calibration Planner 26-27,Micro/Calibration & validation  Planner_26_27_Micro.xls
MIC-CAL-004-20270530,Micro,Instrument Calibration,Calibrate Bacterialogical Incubator,QCI/02003,calibration,yearly,specific_date,2027-05-30,2027-06-09,2026-06-01,,pending,,pending,micro@enicarpharma.com,,,,raw freq: Yearly; Outside agency; sheet: Calibration Planner 26-27,Micro/Calibration & validation  Planner_26_27_Micro.xls
MIC-CAL-005-20270530,Micro,Instrument Calibration,Calibrate Bacterialogical Incubator,QCM/02010,calibration,yearly,specific_date,2027-05-30,2027-06-09,2026-06-01,,pending,,pending,micro@enicarpharma.com,,,,raw freq: Yearly; Outside agency; sheet: Calibration Planner 26-27,Micro/Calibration & validation  Planner_26_27_Micro.xls
MIC-CAL-006-20270530,Micro,Instrument Calibration,Calibrate Bacterialogical Incubator,QCM/02013,calibration,yearly,specific_date,2027-05-30,2027-06-09,2026-06-01,,pending,,pending,micro@enicarpharma.com,,,,raw freq: Yearly; Outside agency; sheet: Calibration Planner 26-27,Micro/Calibration & validation  Planner_26_27_Micro.xls
MIC-CAL-007-20270530,Micro,Instrument Calibration,Calibrate Drying Oven,QCM/02019,calibration,yearly,specific_date,2027-05-30,2027-06-09,2026-06-01,,pending,,pending,micro@enicarpharma.com,,,,raw freq: Yearly; Outside agency; sheet: Calibration Planner 26-27,Micro/Calibration & validation  Planner_26_27_Micro.xls
MIC-CAL-010-20270530,Micro,Instrument Calibration,Calibrate Water Bath (Temperature sensor with controller),QCM/02006,calibration,yearly,specific_date,2027-05-30,2027-06-09,2026-06-01,,pending,,pending,micro@enicarpharma.com,,,,raw freq: Yearly; Outside agency; sheet: Calibration Planner 26-27,Micro/Calibration & validation  Planner_26_27_Micro.xls
MIC-CAL-011-20270530,Micro,Instrument Calibration,Calibrate pH Meter (Temperature sensor),QCM/02021,calibration,yearly,specific_date,2027-05-30,2027-06-09,2026-06-01,,pending,,pending,micro@enicarpharma.com,,,,raw freq: Yearly; Outside agency; sheet: Calibration Planner 26-27,Micro/Calibration & validation  Planner_26_27_Micro.xls
MIC-CAL-013-20270530,Micro,Instrument Calibration,Calibrate Heating Menlte(Thermostat),QCM/02031,calibration,yearly,specific_date,2027-05-30,2027-06-09,2026-06-01,,pending,,pending,micro@enicarpharma.com,,,,raw freq: Yearly; Outside agency; sheet: Calibration Planner 26-27,Micro/Calibration & validation  Planner_26_27_Micro.xls
MIC-CAL-014-20270530,Micro,Instrument Calibration,Calibrate Sterilization Autoclave,QCM/02030,calibration,yearly,specific_date,2027-05-30,2027-06-09,2026-06-01,,pending,,pending,micro@enicarpharma.com,,,,raw freq: Yearly; Outside agency; sheet: Calibration Planner 26-27,Micro/Calibration & validation  Planner_26_27_Micro.xls
MIC-CAL-016-20270530,Micro,Instrument Calibration,Calibrate Dynamic Pass Box (magnehelic gauge),QCM/02018,calibration,yearly,specific_date,2027-05-30,2027-06-09,2026-06-01,,pending,,pending,micro@enicarpharma.com,,,,raw freq: Yearly; Outside agency; sheet: Calibration Planner 26-27,Micro/Calibration & validation  Planner_26_27_Micro.xls
MIC-VAL-001-20270530,Micro,Validation,Re-validate Refrigerator,QCM/02011,re-validation,yearly,specific_date,2027-05-30,2027-06-09,2026-06-01,,pending,,pending,micro@enicarpharma.com,,,,raw freq: Yearly; Outside agency; sheet: Re-validation Planner 26-27,Micro/Calibration & validation  Planner_26_27_Micro.xls
MIC-VAL-002-20270530,Micro,Validation,Re-validate BOD Incubator,QCM/02032,re-validation,yearly,specific_date,2027-05-30,2027-06-09,2026-06-01,,pending,,pending,micro@enicarpharma.com,,,,raw freq: Yearly; Outside agency; sheet: Re-validation Planner 26-27,Micro/Calibration & validation  Planner_26_27_Micro.xls
MIC-VAL-003-20270530,Micro,Validation,Re-validate Bacterialogical Incubator,QCM/02029,re-validation,yearly,specific_date,2027-05-30,2027-06-09,2026-06-01,,pending,,pending,micro@enicarpharma.com,,,,raw freq: Yearly; Outside agency; sheet: Re-validation Planner 26-27,Micro/Calibration & validation  Planner_26_27_Micro.xls
MIC-VAL-004-20270530,Micro,Validation,Re-validate Bacterialogical Incubator,QCI/02003,re-validation,yearly,specific_date,2027-05-30,2027-06-09,2026-06-01,,pending,,pending,micro@enicarpharma.com,,,,raw freq: Yearly; Outside agency; sheet: Re-validation Planner 26-27,Micro/Calibration & validation  Planner_26_27_Micro.xls
MIC-VAL-005-20270530,Micro,Validation,Re-validate Bacterialogical Incubator,QCM/02010,re-validation,yearly,specific_date,2027-05-30,2027-06-09,2026-06-01,,pending,,pending,micro@enicarpharma.com,,,,raw freq: Yearly; Outside agency; sheet: Re-validation Planner 26-27,Micro/Calibration & validation  Planner_26_27_Micro.xls
MIC-VAL-006-20270530,Micro,Validation,Re-validate Bacterialogical Incubator,QCM/02013,re-validation,yearly,specific_date,2027-05-30,2027-06-09,2026-06-01,,pending,,pending,micro@enicarpharma.com,,,,raw freq: Yearly; Outside agency; sheet: Re-validation Planner 26-27,Micro/Calibration & validation  Planner_26_27_Micro.xls
SOP-QC-144-20270904,Micro,SOP Review,Review SOP-QC-144 - Operation of Autoclave,SOP-QC-144,sop_review,two-yearly,specific_date,2027-09-04,2027-09-14,2025-09-05,,pending,,pending,micro@enicarpharma.com,,,,SOP INDEX sheet MICRO; issued 2025-09-05,QA_SOP/SOP INDEX.xlsx
SOP-QC-147-20270907,Micro,SOP Review,Review SOP-QC-147 - Refrigerator,SOP-QC-147,sop_review,two-yearly,specific_date,2027-09-07,2027-09-17,2025-09-08,,pending,,pending,micro@enicarpharma.com,,,,SOP INDEX sheet MICRO; issued 2025-09-08,QA_SOP/SOP INDEX.xlsx
SOP-QC-105-20270912,Micro,SOP Review,Review SOP-QC-105 - Validation of Autoclave,SOP-QC-105,sop_review,two-yearly,specific_date,2027-09-12,2027-09-22,2025-09-13,,pending,,pending,micro@enicarpharma.com,,,,SOP INDEX sheet MICRO; issued 2025-09-13,QA_SOP/SOP INDEX.xlsx
SOP-QC-114-20270912,Micro,SOP Review,Review SOP-QC-114 - Sampling of Water,SOP-QC-114,sop_review,two-yearly,specific_date,2027-09-12,2027-09-22,2025-09-13,,pending,,pending,micro@enicarpharma.com,,,,SOP INDEX sheet MICRO; issued 2025-09-13,QA_SOP/SOP INDEX.xlsx
SOP-QC-145-20270912,Micro,SOP Review,Review SOP-QC-145 - Handling of Out of Specification (OOS),SOP-QC-145,sop_review,two-yearly,specific_date,2027-09-12,2027-09-22,2025-09-13,,pending,,pending,micro@enicarpharma.com,,,,SOP INDEX sheet MICRO; issued 2025-09-13,QA_SOP/SOP INDEX.xlsx
SOP-QC-124-20271002,Micro,SOP Review,Review SOP-QC-124 - Sanitizing the Microbiology Section by Fogging,SOP-QC-124,sop_review,two-yearly,specific_date,2027-10-02,2027-10-12,2025-10-03,,pending,,pending,micro@enicarpharma.com,,,,SOP INDEX sheet MICRO; issued 2025-10-03,QA_SOP/SOP INDEX.xlsx
SOP-QC-126-20271114,Micro,SOP Review,Review SOP-QC-126 - Receiving and Maintaining the Stock and Usage of Media,SOP-QC-126,sop_review,two-yearly,specific_date,2027-11-14,2027-11-24,2025-11-15,,pending,,pending,micro@enicarpharma.com,,,,SOP INDEX sheet MICRO; issued 2025-11-15,QA_SOP/SOP INDEX.xlsx
SOP-QC-130-20271120,Micro,SOP Review,Review SOP-QC-130 - Microbial Evaluation of Drains by Swab Method,SOP-QC-130,sop_review,two-yearly,specific_date,2027-11-20,2027-11-30,2025-11-21,,pending,,pending,micro@enicarpharma.com,,,,SOP INDEX sheet MICRO; issued 2025-11-21,QA_SOP/SOP INDEX.xlsx
SOP-QC-121-20280315,Micro,SOP Review,Review SOP-QC-121 - Microbial Evaluation of Area and Equipment Cleaning by Swab Method,SOP-QC-121,sop_review,two-yearly,specific_date,2028-03-15,2028-03-25,2026-03-16,,pending,,pending,micro@enicarpharma.com,,,,SOP INDEX sheet MICRO; issued 2026-03-16,QA_SOP/SOP INDEX.xlsx
SOP-QC-128-20280315,Micro,SOP Review,Review SOP-QC-128 - Checking Personnel Hygiene of Workers by Hand Swab Method,SOP-QC-128,sop_review,two-yearly,specific_date,2028-03-15,2028-03-25,2026-03-16,,pending,,pending,micro@enicarpharma.com,,,,SOP INDEX sheet MICRO; issued 2026-03-16,QA_SOP/SOP INDEX.xlsx
SOP-QC-143-20280316,Micro,SOP Review,Review SOP-QC-143 - Microbial Limit Test Validation,SOP-QC-143,sop_review,two-yearly,specific_date,2028-03-16,2028-03-26,2026-03-17,,pending,,pending,micro@enicarpharma.com,,,,SOP INDEX sheet MICRO; issued 2026-03-17,QA_SOP/SOP INDEX.xlsx
SOP-QC-118-20280317,Micro,SOP Review,Review SOP-QC-118 - Efficacy Testing of Disinfectant,SOP-QC-118,sop_review,two-yearly,specific_date,2028-03-17,2028-03-27,2026-03-18,,pending,,pending,micro@enicarpharma.com,,,,SOP INDEX sheet MICRO; issued 2026-03-18,QA_SOP/SOP INDEX.xlsx
SOP-QC-107-20280318,Micro,SOP Review,Review SOP-QC-107 - Allocating Batch Number to Prepared and Sterilised Media,SOP-QC-107,sop_review,two-yearly,specific_date,2028-03-18,2028-03-28,2026-03-19,,pending,,pending,micro@enicarpharma.com,,,,SOP INDEX sheet MICRO; issued 2026-03-19,QA_SOP/SOP INDEX.xlsx
SOP-QC-109-20280318,Micro,SOP Review,Review SOP-QC-109 - Growth Promotion Test / Fertility Testing of Microbiological Media,SOP-QC-109,sop_review,two-yearly,specific_date,2028-03-18,2028-03-28,2026-03-19,,pending,,pending,micro@enicarpharma.com,,,,SOP INDEX sheet MICRO; issued 2026-03-19,QA_SOP/SOP INDEX.xlsx
SOP-QC-117-20280318,Micro,SOP Review,Review SOP-QC-117 - Positive and Negative Control,SOP-QC-117,sop_review,two-yearly,specific_date,2028-03-18,2028-03-28,2026-03-19,,pending,,pending,micro@enicarpharma.com,,,,SOP INDEX sheet MICRO; issued 2026-03-19,QA_SOP/SOP INDEX.xlsx
SOP-QC-119-20280318,Micro,SOP Review,Review SOP-QC-119 - Cleaning of Laboratory Glassware,SOP-QC-119,sop_review,two-yearly,specific_date,2028-03-18,2028-03-28,2026-03-19,,pending,,pending,micro@enicarpharma.com,,,,SOP INDEX sheet MICRO; issued 2026-03-19,QA_SOP/SOP INDEX.xlsx
SOP-QC-115-20280319,Micro,SOP Review,Review SOP-QC-115 - Handling and Maintenance of Microbial Cultures,SOP-QC-115,sop_review,two-yearly,specific_date,2028-03-19,2028-03-29,2026-03-20,,pending,,pending,micro@enicarpharma.com,,,,SOP INDEX sheet MICRO; issued 2026-03-20,QA_SOP/SOP INDEX.xlsx
SOP-QC-116-20280319,Micro,SOP Review,Review SOP-QC-116 - Gram Staining and Motility Test,SOP-QC-116,sop_review,two-yearly,specific_date,2028-03-19,2028-03-29,2026-03-20,,pending,,pending,micro@enicarpharma.com,,,,SOP INDEX sheet MICRO; issued 2026-03-20,QA_SOP/SOP INDEX.xlsx
SOP-QC-120-20280319,Micro,SOP Review,Review SOP-QC-120 - Bioassay of Cyanocobalamin (Vitamin B12),SOP-QC-120,sop_review,two-yearly,specific_date,2028-03-19,2028-03-29,2026-03-20,,pending,,pending,micro@enicarpharma.com,,,,SOP INDEX sheet MICRO; issued 2026-03-20,QA_SOP/SOP INDEX.xlsx
SOP-QC-127-20280319,Micro,SOP Review,Review SOP-QC-127 - Microscope,SOP-QC-127,sop_review,two-yearly,specific_date,2028-03-19,2028-03-29,2026-03-20,,pending,,pending,micro@enicarpharma.com,,,,SOP INDEX sheet MICRO; issued 2026-03-20,QA_SOP/SOP INDEX.xlsx
SOP-QC-129-20280319,Micro,SOP Review,Review SOP-QC-129 - Temperature Monitoring of Microbiology Area and Refrigerator,SOP-QC-129,sop_review,two-yearly,specific_date,2028-03-19,2028-03-29,2026-03-20,,pending,,pending,micro@enicarpharma.com,,,,SOP INDEX sheet MICRO; issued 2026-03-20,QA_SOP/SOP INDEX.xlsx
SOP-QC-133-20280319,Micro,SOP Review,Review SOP-QC-133 - Pass Box,SOP-QC-133,sop_review,two-yearly,specific_date,2028-03-19,2028-03-29,2026-03-20,,pending,,pending,micro@enicarpharma.com,,,,SOP INDEX sheet MICRO; issued 2026-03-20,QA_SOP/SOP INDEX.xlsx
SOP-QC-138-20280319,Micro,SOP Review,Review SOP-QC-138 - Hot Air Oven,SOP-QC-138,sop_review,two-yearly,specific_date,2028-03-19,2028-03-29,2026-03-20,,pending,,pending,micro@enicarpharma.com,,,,SOP INDEX sheet MICRO; issued 2026-03-20,QA_SOP/SOP INDEX.xlsx
SOP-QC-132-20280320,Micro,SOP Review,Review SOP-QC-132 - Testing Effectiveness of Antimicrobial Preservative's,SOP-QC-132,sop_review,two-yearly,specific_date,2028-03-20,2028-03-30,2026-03-21,,pending,,pending,micro@enicarpharma.com,,,,SOP INDEX sheet MICRO; issued 2026-03-21,QA_SOP/SOP INDEX.xlsx
SOP-QC-140-20280320,Micro,SOP Review,Review SOP-QC-140 - Water Bath,SOP-QC-140,sop_review,two-yearly,specific_date,2028-03-20,2028-03-30,2026-03-21,,pending,,pending,micro@enicarpharma.com,,,,SOP INDEX sheet MICRO; issued 2026-03-21,QA_SOP/SOP INDEX.xlsx
SOP-QC-142-20280320,Micro,SOP Review,Review SOP-QC-142 - Bioassay of Antibiotic,SOP-QC-142,sop_review,two-yearly,specific_date,2028-03-20,2028-03-30,2026-03-21,,pending,,pending,micro@enicarpharma.com,,,,SOP INDEX sheet MICRO; issued 2026-03-21,QA_SOP/SOP INDEX.xlsx
SOP-QC-102-20280324,Micro,SOP Review,Review SOP-QC-102 - General Guidelines and Precautions for Working in Microbiology Laboratory,SOP-QC-102,sop_review,two-yearly,specific_date,2028-03-24,2028-04-03,2026-03-25,,pending,,pending,micro@enicarpharma.com,,,,SOP INDEX sheet MICRO; issued 2026-03-25,QA_SOP/SOP INDEX.xlsx
SOP-QC-122-20290719,Micro,SOP Review,Review SOP-QC-122 - Environmental Monitoring by Settle Plate Technique,SOP-QC-122,sop_review,per-schedule,specific_date,2029-07-19,2029-07-29,,,pending,,pending,micro@enicarpharma.com,,,,SOP INDEX sheet MICRO; issued ?,QA_SOP/SOP INDEX.xlsx
SOP-QC-137-20290805,Micro,SOP Review,Review SOP-QC-137 - Operation and Calibration of Weighing Balance,SOP-QC-137,sop_review,three-yearly,specific_date,2029-08-05,2029-08-15,2026-08-06,,pending,,pending,micro@enicarpharma.com,,,,SOP INDEX sheet MICRO; issued 2026-08-06,QA_SOP/SOP INDEX.xlsx
